Filename,Tokens,menhir Sec/Tok,dypgen Sec/Tok,pwz_nary Sec/Tok,pwz_nary_look Sec/Tok,pwz_nary_mem Sec/Tok,pwz_binary Sec/Tok,pwd_binary Sec/Tok,pwd_binary_opt Sec/Tok,pwd_nary Sec/Tok,pwd_nary_opt Sec/Tok
__phello__.foo.py.lex,1,0.000000165,0.000000150,0.00000207,0.000000298,0.000000469,0.00000272,0.00261,0.00000655,0.00237,0.00000637
concurrent___init__.py.lex,1,0.000000151,0.000000156,0.00000209,0.000000344,0.000000475,0.00000277,0.00251,0.00000684,0.00229,0.00000648
email_mime___init__.py.lex,1,0.000000158,0.000000162,0.00000204,0.000000335,0.000000478,0.00000279,0.00251,0.00000681,0.00225,0.00000643
http___init__.py.lex,1,0.000000154,0.000000157,0.00000204,0.000000313,0.000000479,0.00000277,0.00254,0.00000664,0.00226,0.00000648
idlelib___init__.py.lex,1,0.000000159,0.000000159,0.00000206,0.000000326,0.000000487,0.00000278,0.00242,0.00000684,0.00221,0.00000621
lib2to3___init__.py.lex,1,0.000000157,0.000000158,0.00000209,0.000000313,0.000000482,0.00000275,0.00250,0.00000690,0.00223,0.00000647
lib2to3_fixes___init__.py.lex,1,0.000000165,0.000000159,0.00000208,0.000000314,0.000000486,0.00000278,0.00250,0.00000700,0.00230,0.00000626
pydoc_data___init__.py.lex,1,0.000000155,0.000000161,0.00000213,0.000000313,0.000000486,0.00000279,0.00253,0.00000682,0.00226,0.00000611
urllib___init__.py.lex,1,0.000000166,0.000000153,0.00000214,0.000000322,0.000000473,0.00000280,0.00248,0.00000696,0.00230,0.00000616
xml_etree___init__.py.lex,1,0.000000159,0.000000164,0.00000212,0.000000315,0.000000476,0.00000268,0.00250,0.00000693,0.00231,0.00000623
xmlrpc___init__.py.lex,1,0.000000153,0.000000154,0.00000215,0.000000321,0.000000483,0.00000272,0.00249,0.00000691,0.00228,0.00000646
lib2to3_pgen2___init__.py.lex,3,0.000000130,0.000000128,0.00000345,0.00000110,0.000000162,0.00000382,0.00900,0.00000896,0.00719,0.00000920
wsgiref___init__.py.lex,3,0.000000124,0.000000132,0.00000340,0.00000110,0.000000160,0.00000376,0.00896,0.00000871,0.00756,0.00000922
xml_parsers___init__.py.lex,3,0.000000130,0.000000132,0.00000340,0.00000111,0.000000168,0.00000375,0.00900,0.00000888,0.00717,0.00000918
idlelib_idlever.py.lex,5,0.000000114,0.000000124,0.00000382,0.00000124,0.0000000956,0.00000389,0.00991,0.00000845,0.00817,0.00000913
ctypes_macholib___init__.py.lex,7,0.000000111,0.000000117,0.00000442,0.00000149,0.0000000707,0.00000463,0.0104,0.00000970,0.00877,0.0000100
distutils___init__.py.lex,7,0.000000113,0.000000113,0.00000424,0.00000147,0.0000000702,0.00000476,0.0105,0.00000956,0.00869,0.0000101
curses_panel.py.lex,8,0.0000000718,0.0000000701,0.00000211,0.000000610,0.0000000585,0.00000238,0.00998,0.00000511,0.00779,0.00000516
dbm_gnu.py.lex,8,0.0000000710,0.0000000696,0.00000207,0.000000598,0.0000000583,0.00000235,0.0101,0.00000510,0.00764,0.00000520
dbm_ndbm.py.lex,8,0.0000000697,0.0000000726,0.00000207,0.000000608,0.0000000611,0.00000236,0.0101,0.00000534,0.00789,0.00000500
sqlite3___init__.py.lex,8,0.0000000475,0.0000000482,0.000000812,0.000000218,0.0000000677,0.00000102,0.00943,0.00000248,0.00753,0.00000210
xml_etree_cElementTree.py.lex,10,0.0000000434,0.0000000442,0.000000703,0.000000191,0.0000000489,0.000000848,0.00912,0.00000208,0.00782,0.00000182
asyncio_constants.py.lex,11,0.000000110,0.000000107,0.00000505,0.00000191,0.0000000476,0.00000467,0.0110,0.0000102,0.00922,0.0000104
collections_abc.py.lex,11,0.0000000466,0.0000000476,0.000000960,0.000000254,0.0000000468,0.00000123,0.00958,0.00000292,0.00797,0.00000249
asyncio_log.py.lex,15,0.0000000800,0.0000000800,0.00000410,0.00000116,0.0000000332,0.00000391,0.0109,0.00000909,0.00996,0.00000822
distutils_debug.py.lex,15,0.0000000700,0.0000000706,0.00000363,0.000000856,0.0000000323,0.00000404,0.0106,0.00000826,0.0103,0.00000708
xml___init__.py.lex,15,0.0000000980,0.0000000993,0.00000445,0.00000230,0.0000000352,0.00000477,0.0115,0.0000110,0.0106,0.00000983
idlelib___main__.py.lex,16,0.0000000622,0.0000000612,0.00000347,0.000000668,0.0000000315,0.00000394,0.0112,0.00000760,0.00978,0.00000655
ensurepip___main__.py.lex,18,0.0000000583,0.0000000572,0.00000344,0.000000665,0.0000000272,0.00000391,0.0115,0.00000793,0.0104,0.00000708
lib2to3___main__.py.lex,20,0.0000000605,0.0000000600,0.00000324,0.000000794,0.0000000243,0.00000397,0.0110,0.00000821,0.0107,0.00000683
xml_parsers_expat.py.lex,29,0.0000000696,0.0000000693,0.00000414,0.00000161,0.0000000200,0.00000447,0.0114,0.00000940,0.0109,0.00000792
struct.py.lex,36,0.0000000741,0.0000000713,0.00000356,0.00000200,0.0000000156,0.00000419,0.0113,0.00000807,0.0133,0.00000700
lib2to3_fixes_fix_imports2.py.lex,40,0.0000000757,0.0000000757,0.00000445,0.00000214,0.0000000152,0.00000477,0.0124,0.0000105,0.0130,0.00000950
tkinter___main__.py.lex,42,0.0000000635,0.0000000635,0.00000424,0.00000148,0.0000000150,0.00000488,0.0122,0.00000953,0.0134,0.00000824
distutils_command___init__.py.lex,46,0.0000000956,0.0000000950,0.00000597,0.00000403,0.0000000171,0.00000682,0.0129,0.0000115,0.0397,0.0000111
concurrent_futures___init__.py.lex,52,0.0000000405,0.0000000407,0.00000148,0.000000800,0.0000000106,0.00000166,0.0114,0.00000300,0.0127,0.00000285
email_mime_nonmultipart.py.lex,53,0.0000000575,0.0000000550,0.00000327,0.00000138,0.0000000117,0.00000376,0.0125,0.00000777,0.0144,0.00000751
venv___main__.py.lex,54,0.0000000672,0.0000000664,0.00000466,0.00000189,0.0000000142,0.00000537,0.0134,0.0000127,0.0187,0.0000104
idlelib_idle.py.lex,58,0.0000000568,0.0000000555,0.00000461,0.00000132,0.0000000138,0.00000534,0.0127,0.0000120,0.0246,0.00000789
lib2to3_fixes_fix_basestring.py.lex,60,0.0000000590,0.0000000586,0.00000361,0.00000159,0.0000000108,0.00000405,0.0131,0.00000933,0.0185,0.00000850
lib2to3_fixes_fix_reduce.py.lex,60,0.0000000651,0.0000000645,0.00000390,0.00000185,0.0000000122,0.00000429,0.0136,0.00000930,0.0181,0.00000931
lib2to3_fixes_fix_standarderror.py.lex,60,0.0000000588,0.0000000586,0.00000355,0.00000153,0.0000000111,0.00000388,0.0132,0.00000909,0.0185,0.00000847
lib2to3_fixes_fix_long.py.lex,68,0.0000000564,0.0000000557,0.00000416,0.00000151,0.0000000127,0.00000453,0.0141,0.00000947,0.0222,0.00000940
lib2to3_fixes_fix_future.py.lex,69,0.0000000626,0.0000000614,0.00000468,0.00000191,0.0000000126,0.00000478,0.0138,0.00000978,0.0214,0.00000985
lib2to3_fixes_fix_getcwdu.py.lex,71,0.0000000650,0.0000000639,0.00000460,0.00000200,0.0000000114,0.00000522,0.0146,0.0000120,0.0285,0.0000105
lib2to3_fixes_fix_raw_input.py.lex,71,0.0000000645,0.0000000639,0.00000478,0.00000195,0.0000000112,0.00000509,0.0143,0.0000120,0.0288,0.0000104
unittest___main__.py.lex,73,0.0000000673,0.0000000656,0.00000541,0.00000218,0.0000000145,0.00000592,0.0135,0.0000124,0.0236,0.00000992
lib2to3_fixes_fix_buffer.py.lex,75,0.0000000665,0.0000000673,0.00000507,0.00000214,0.0000000130,0.00000547,0.0145,0.0000120,0.0305,0.0000112
lib2to3_fixes_fix_nonzero.py.lex,77,0.0000000640,0.0000000629,0.00000483,0.00000211,0.0000000125,0.00000551,0.0142,0.0000115,0.0281,0.0000109
multiprocessing___init__.py.lex,77,0.0000000707,0.0000000690,0.00000585,0.00000249,0.0000000145,0.00000686,0.0138,0.0000137,0.0320,0.0000107
this.py.lex,79,0.0000000770,0.0000000754,0.00000650,0.00000306,0.0000000150,0.00000743,0.0158,0.0000174,0.0545,0.0000130
email_mime_base.py.lex,83,0.0000000759,0.0000000743,0.00000582,0.00000278,0.0000000139,0.00000644,0.0153,0.0000132,0.0398,0.0000122
lib2to3_fixes_fix_funcattrs.py.lex,84,0.0000000615,0.0000000609,0.00000513,0.00000224,0.0000000129,0.00000583,0.0155,0.0000135,0.0651,0.0000110
lib2to3_fixes_fix_intern.py.lex,85,0.0000000760,0.0000000749,0.00000567,0.00000307,0.0000000127,0.00000596,0.0149,0.0000120,0.0350,0.0000121
lib2to3_fixes_fix_reload.py.lex,85,0.0000000745,0.0000000757,0.00000567,0.00000310,0.0000000129,0.00000611,0.0148,0.0000122,0.0343,0.0000121
xml_dom_NodeFilter.py.lex,87,0.0000000912,0.0000000902,0.00000742,0.00000525,0.0000000217,0.00000772,0.0152,0.0000132,0.0406,0.0000140
lib2to3_fixes_fix_ne.py.lex,92,0.0000000571,0.0000000553,0.00000410,0.00000161,0.0000000102,0.00000447,0.0143,0.0000100,0.0398,0.00000914
importlib_machinery.py.lex,93,0.0000000435,0.0000000424,0.00000244,0.000000955,0.00000000775,0.00000260,0.0130,0.00000505,0.0254,0.00000427
lib2to3_fixes_fix_paren.py.lex,95,0.0000000672,0.0000000650,0.00000557,0.00000258,0.0000000129,0.00000620,0.0153,0.0000122,0.0491,0.0000111
lib2to3_fixes_fix_methodattrs.py.lex,99,0.0000000715,0.0000000696,0.00000564,0.00000321,0.0000000150,0.00000640,0.0155,0.0000145,0.0503,0.0000117
email_mime_application.py.lex,100,0.0000000609,0.0000000607,0.00000531,0.00000254,0.0000000121,0.00000563,0.0154,0.0000118,0.0533,0.0000115
email_mime_message.py.lex,100,0.0000000665,0.0000000667,0.00000543,0.00000261,0.0000000137,0.00000587,0.0162,0.0000132,0.0566,0.0000119
antigravity.py.lex,101,0.0000000757,0.0000000757,0.00000618,0.00000348,0.0000000177,0.00000709,0.0157,0.0000177,0.105,0.0000120
lib2to3_fixes_fix_repr.py.lex,103,0.0000000663,0.0000000653,0.00000514,0.00000242,0.0000000117,0.00000570,0.0155,0.0000121,0.0639,0.0000115
lib2to3_fixes_fix_xreadlines.py.lex,104,0.0000000659,0.0000000659,0.00000550,0.00000230,0.0000000145,0.00000593,0.0169,0.0000134,0.0947,0.0000114
email_mime_multipart.py.lex,110,0.0000000708,0.0000000703,0.00000548,0.00000267,0.0000000158,0.00000593,0.0160,0.0000119,0.0790,0.0000114
email_mime_text.py.lex,111,0.0000000724,0.0000000717,0.00000581,0.00000317,0.0000000174,0.00000654,0.0167,0.0000142,0.0932,0.0000126
lib2to3_fixes_fix_input.py.lex,115,0.0000000673,0.0000000661,0.00000517,0.00000261,0.0000000167,0.00000577,0.0158,0.0000120,0.0708,0.0000106
lib2to3_fixes_fix_zip.py.lex,120,0.0000000697,0.0000000668,0.00000548,0.00000323,0.0000000161,0.00000605,0.0165,0.0000128,0.0933,0.0000112
ensurepip__uninstall.py.lex,121,0.0000000990,0.0000000908,0.00000641,0.00000377,0.0000000205,0.00000692,0.0166,0.0000146,0.124,0.0000120
email_mime_image.py.lex,122,0.0000000734,0.0000000745,0.00000557,0.00000313,0.0000000158,0.00000581,0.0165,0.0000124,0.0960,0.0000112
lib2to3_fixes_fix_callable.py.lex,127,0.0000000783,0.0000000752,0.00000590,0.00000379,0.0000000177,0.00000689,0.0171,0.0000144,0.131,0.0000125
_bootlocale.py.lex,136,0.0000000577,0.0000000563,0.00000458,0.00000195,0.0000000170,0.00000539,0.0174,0.0000117,nan,0.0000108
unittest___init__.py.lex,142,0.0000000771,0.0000000757,0.00000461,0.00000347,0.0000000112,0.00000525,0.0154,0.00000838,0.0832,0.00000795
idlelib_Delegator.py.lex,147,0.0000000632,0.0000000608,0.00000490,0.00000249,0.0000000191,0.00000567,0.0180,0.0000125,nan,0.0000113
lib2to3_fixes_fix_asserts.py.lex,149,0.0000000907,0.0000000897,0.00000660,0.00000475,0.0000000247,0.00000731,0.0179,0.0000140,nan,0.0000114
lib2to3_pygram.py.lex,158,0.0000000796,0.0000000784,0.00000552,0.00000359,0.0000000234,0.00000651,0.0167,0.0000128,nan,0.0000102
lib2to3_fixes_fix_numliterals.py.lex,162,0.0000000733,0.0000000718,0.00000484,0.00000285,0.0000000183,0.00000569,0.0182,0.0000133,nan,0.0000109
encodings_mbcs.py.lex,167,0.0000000982,0.0000000956,0.00000520,0.00000340,0.0000000200,0.00000569,0.0171,0.0000107,nan,0.00000982
lib2to3_fixes_fix_itertools.py.lex,168,0.0000000780,0.0000000765,0.00000636,0.00000466,0.0000000330,0.00000726,0.0197,0.0000160,nan,0.0000127
encodings_utf_16_be.py.lex,172,0.0000000887,0.0000000875,0.00000494,0.00000325,0.0000000220,0.00000561,0.0177,0.0000115,nan,0.0000100
encodings_utf_16_le.py.lex,172,0.0000000886,0.0000000881,0.00000477,0.00000324,0.0000000226,0.00000556,0.0176,0.0000113,nan,0.00000941
encodings_utf_32_be.py.lex,172,0.0000000884,0.0000000873,0.00000468,0.00000328,0.0000000220,0.00000571,0.0175,0.0000108,nan,0.00000982
encodings_utf_32_le.py.lex,172,0.0000000902,0.0000000875,0.00000472,0.00000326,0.0000000222,0.00000581,0.0175,0.0000111,nan,0.00000988
encodings_utf_7.py.lex,172,0.0000000868,0.0000000862,0.00000474,0.00000323,0.0000000224,0.00000566,0.0172,0.0000106,nan,0.0000100
encodings_utf_8.py.lex,172,0.0000000863,0.0000000865,0.00000495,0.00000322,0.0000000258,0.00000551,0.0174,0.0000111,nan,0.0000104
encodings_big5.py.lex,174,0.0000000910,0.0000000903,0.00000503,0.00000357,0.0000000243,0.00000597,0.0174,0.0000110,nan,0.0000101
encodings_big5hkscs.py.lex,174,0.0000000906,0.0000000921,0.00000505,0.00000364,0.0000000244,0.00000597,0.0174,0.0000108,nan,0.00000982
encodings_cp932.py.lex,174,0.0000000929,0.0000000922,0.00000506,0.00000356,0.0000000237,0.00000591,0.0171,0.0000109,nan,0.00000994
encodings_cp949.py.lex,174,0.0000000932,0.0000000910,0.00000514,0.00000364,0.0000000245,0.00000586,0.0171,0.0000105,nan,0.0000101
encodings_cp950.py.lex,174,0.0000000919,0.0000000886,0.00000501,0.00000356,0.0000000242,0.00000603,0.0175,0.0000108,nan,0.00000977
encodings_euc_jis_2004.py.lex,174,0.0000000905,0.0000000910,0.00000507,0.00000352,0.0000000249,0.00000586,0.0172,0.0000109,nan,0.00000982
encodings_euc_jisx0213.py.lex,174,0.0000000911,0.0000000924,0.00000516,0.00000355,0.0000000245,0.00000591,0.0175,0.0000108,nan,0.00000971
encodings_euc_jp.py.lex,174,0.0000000917,0.0000000890,0.00000520,0.00000355,0.0000000243,0.00000591,0.0175,0.0000110,nan,0.00000954
encodings_euc_kr.py.lex,174,0.0000000918,0.0000000908,0.00000508,0.00000360,0.0000000219,0.00000567,0.0177,0.0000109,nan,0.00000977
encodings_gb18030.py.lex,174,0.0000000911,0.0000000899,0.00000506,0.00000356,0.0000000231,0.00000580,0.0172,0.0000108,nan,0.00000988
encodings_gb2312.py.lex,174,0.0000000937,0.0000000891,0.00000501,0.00000350,0.0000000216,0.00000591,0.0175,0.0000109,nan,0.00000982
encodings_gbk.py.lex,174,0.0000000936,0.0000000929,0.00000503,0.00000355,0.0000000206,0.00000597,0.0175,0.0000109,nan,0.00000982
encodings_hz.py.lex,174,0.0000000894,0.0000000928,0.00000547,0.00000349,0.0000000209,0.00000570,0.0172,0.0000112,nan,0.00000954
encodings_iso2022_jp.py.lex,174,0.0000000913,0.0000000911,0.00000515,0.00000356,0.0000000210,0.00000586,0.0178,0.0000109,nan,0.0000101
encodings_iso2022_jp_1.py.lex,174,0.0000000906,0.0000000907,0.00000520,0.00000356,0.0000000245,0.00000568,0.0170,0.0000113,nan,0.00000982
encodings_iso2022_jp_2.py.lex,174,0.0000000917,0.0000000906,0.00000508,0.00000349,0.0000000238,0.00000597,0.0172,0.0000113,nan,0.00000988
encodings_iso2022_jp_2004.py.lex,174,0.0000000909,0.0000000929,0.00000511,0.00000355,0.0000000220,0.00000614,0.0172,0.0000112,nan,0.00000994
encodings_iso2022_jp_3.py.lex,174,0.0000000917,0.0000000893,0.00000513,0.00000351,0.0000000218,0.00000591,0.0172,0.0000110,nan,0.0000101
encodings_iso2022_jp_ext.py.lex,174,0.0000000938,0.0000000893,0.00000510,0.00000352,0.0000000273,0.00000597,0.0171,0.0000110,nan,0.0000101
encodings_iso2022_kr.py.lex,174,0.0000000916,0.0000000894,0.00000510,0.00000345,0.0000000244,0.00000586,0.0171,0.0000112,nan,0.0000101
encodings_johab.py.lex,174,0.0000000953,0.0000000881,0.00000493,0.00000356,0.0000000213,0.00000597,0.0175,0.0000111,nan,0.0000100
encodings_shift_jis.py.lex,174,0.0000000913,0.0000000893,0.00000509,0.00000347,0.0000000211,0.00000580,0.0175,0.0000110,nan,0.0000101
encodings_shift_jis_2004.py.lex,174,0.0000000915,0.0000000906,0.00000517,0.00000343,0.0000000233,0.00000580,0.0174,0.0000112,nan,0.0000101
encodings_shift_jisx0213.py.lex,174,0.0000000923,0.0000000926,0.00000510,0.00000348,0.0000000240,0.00000591,0.0176,0.0000111,nan,0.00000994
encodings_cp65001.py.lex,180,0.000000105,0.000000105,0.00000539,0.00000352,0.0000000245,0.00000611,0.0180,0.0000118,nan,0.0000106
lib2to3_fixes_fix_exec.py.lex,180,0.0000000910,0.0000000890,0.00000572,0.00000423,0.0000000303,0.00000738,0.0197,0.0000145,nan,0.0000126
lib2to3_fixes_fix_sys_exc.py.lex,182,0.0000000969,0.0000000934,0.00000587,0.00000445,0.0000000267,0.00000675,0.0195,0.0000154,nan,0.0000123
encodings_raw_unicode_escape.py.lex,188,0.0000000734,0.0000000697,0.00000456,0.00000302,0.0000000224,0.00000553,0.0183,0.0000113,nan,0.00000957
encodings_unicode_escape.py.lex,188,0.0000000731,0.0000000694,0.00000465,0.00000301,0.0000000218,0.00000547,0.0180,0.0000107,nan,0.00000941
encodings_unicode_internal.py.lex,188,0.0000000729,0.0000000690,0.00000454,0.00000304,0.0000000200,0.00000547,0.0179,0.0000107,nan,0.00000936
lib2to3_fixes_fix_ws_comma.py.lex,188,0.000000111,0.000000109,0.00000553,0.00000414,0.0000000303,0.00000638,0.0198,0.0000127,nan,0.0000130
lib2to3_fixes_fix_types.py.lex,196,0.000000116,0.000000116,0.00000622,0.00000520,0.0000000304,0.00000790,0.0185,0.0000124,nan,0.0000111
asyncio_protocols.py.lex,197,0.0000000729,0.0000000721,0.00000379,0.00000256,0.0000000180,0.00000433,0.0179,0.00000842,nan,0.00000832
email___init__.py.lex,202,0.0000000854,0.0000000847,0.00000476,0.00000378,0.0000000185,0.00000569,0.0180,0.0000103,nan,0.00000905
encodings_undefined.py.lex,204,0.0000000697,0.0000000685,0.00000422,0.00000270,0.0000000214,0.00000509,0.0186,0.0000100,nan,0.00000887
tkinter_colorchooser.py.lex,205,0.0000000906,0.0000000904,0.00000541,0.00000392,0.0000000401,0.00000629,0.0200,0.0000130,nan,0.0000122
asyncio___init__.py.lex,207,0.0000000489,0.0000000480,0.00000352,0.00000162,0.0000000165,0.00000440,0.0177,0.00000874,nan,0.00000642
distutils_command_install_headers.py.lex,208,0.000000101,0.000000102,0.00000567,0.00000407,0.0000000416,0.00000639,0.0206,0.0000141,nan,0.0000119
json_tool.py.lex,210,0.0000000943,0.0000000957,0.00000571,0.00000406,0.0000000535,0.00000690,0.0211,0.0000153,nan,0.0000130
encodings_ascii.py.lex,211,0.0000000723,0.0000000714,0.00000472,0.00000302,0.0000000263,0.00000549,0.0190,0.0000109,nan,0.0000100
encodings_latin_1.py.lex,211,0.0000000732,0.0000000722,0.00000464,0.00000308,0.0000000266,0.00000535,0.0192,0.0000111,nan,0.00000985
email_mime_audio.py.lex,212,0.000000102,0.000000100,0.00000608,0.00000455,0.0000000465,0.00000688,0.0202,0.0000133,nan,0.0000119
idlelib_RstripExtension.py.lex,214,0.000000116,0.000000114,0.00000579,0.00000442,0.0000000535,0.00000682,0.0225,0.0000164,nan,0.0000135
tkinter_commondialog.py.lex,223,0.0000000835,0.0000000808,0.00000493,0.00000290,0.0000000421,0.00000556,0.0216,0.0000128,nan,0.0000114
idlelib_RemoteObjectBrowser.py.lex,227,0.0000000850,0.0000000836,0.00000524,0.00000371,0.0000000424,0.00000651,0.0211,0.0000128,nan,0.0000112
lib2to3_fixes_fix_filter.py.lex,228,0.000000121,0.000000119,0.00000548,0.00000400,0.0000000510,0.00000662,0.0235,0.0000142,nan,0.0000129
ctypes_macholib_dylib.py.lex,232,0.000000107,0.000000104,0.00000616,0.00000478,0.0000000746,0.00000706,0.0218,0.0000139,nan,0.0000129
dummy_threading.py.lex,233,0.000000126,0.000000123,0.00000596,0.00000484,0.0000000893,0.00000716,0.0216,0.0000133,nan,0.0000125
distutils_errors.py.lex,234,0.0000000761,0.0000000753,0.00000424,0.00000291,0.0000000435,0.00000470,0.0190,0.00000820,nan,0.00000871
email_encoders.py.lex,238,0.000000125,0.000000124,0.00000626,0.00000436,0.0000000746,0.00000756,0.0216,0.0000141,nan,0.0000116
lib2to3_fixes_fix_set_literal.py.lex,240,0.000000111,0.000000107,0.00000629,0.00000433,0.0000000611,0.00000758,0.0233,0.0000155,nan,0.0000132
idlelib_ZoomHeight.py.lex,241,0.000000107,0.000000108,0.00000556,0.00000435,0.0000000722,0.00000676,0.0216,0.0000141,nan,0.0000118
ctypes_macholib_framework.py.lex,247,0.000000168,0.000000169,0.00000595,0.00000453,0.0000000852,0.00000712,0.0216,0.0000140,nan,0.0000121
tty.py.lex,251,0.000000140,0.000000139,0.00000693,0.00000589,0.000000117,0.00000804,0.0221,0.0000152,nan,0.0000135
lib2to3_fixes_fix_unicode.py.lex,252,0.000000102,0.000000100,0.00000567,0.00000412,0.0000000586,0.00000662,0.0244,0.0000143,nan,0.0000131
io.py.lex,257,0.000000109,0.000000108,0.00000599,0.00000466,0.0000000671,0.00000653,0.0208,0.0000113,nan,0.0000100
lib2to3_fixes_fix_isinstance.py.lex,258,0.000000107,0.000000104,0.00000542,0.00000406,0.0000000957,0.00000647,0.0248,0.0000142,nan,0.0000134
sqlite3_dump.py.lex,259,0.0000000671,0.0000000655,0.00000617,0.00000467,0.0000000973,0.00000741,0.0254,0.0000158,nan,0.0000136
ctypes__endian.py.lex,275,0.000000109,0.000000111,0.00000600,0.00000436,0.0000000842,0.00000701,0.0242,0.0000138,nan,0.0000131
tkinter_dialog.py.lex,275,0.000000129,0.000000125,0.00000640,0.00000465,0.0000000921,0.00000727,0.0250,0.0000154,nan,0.0000130
lib2to3_fixes_fix_apply.py.lex,278,0.000000113,0.000000116,0.00000647,0.00000464,0.0000000910,0.00000694,0.0249,0.0000156,nan,0.0000128
lib2to3_fixes_fix_throw.py.lex,279,0.000000150,0.000000148,0.00000609,0.00000433,0.0000000853,0.00000681,0.0256,0.0000146,nan,0.0000128
collections___main__.py.lex,284,0.000000125,0.000000125,0.00000595,0.00000443,0.0000000832,0.00000693,0.0238,0.0000150,nan,0.0000111
encodings_base64_codec.py.lex,295,0.000000100,0.0000000996,0.00000471,0.00000359,0.0000000504,0.00000579,0.0235,0.0000111,nan,0.00000949
encodings_hex_codec.py.lex,295,0.000000100,0.0000000991,0.00000477,0.00000359,0.0000000507,0.00000566,0.0236,0.0000112,nan,0.00000996
urllib_error.py.lex,299,0.0000000810,0.0000000811,0.00000458,0.00000337,0.0000000578,0.00000551,0.0242,0.0000109,nan,0.0000109
curses___init__.py.lex,300,0.0000000868,0.0000000853,0.00000533,0.00000386,0.0000000801,0.00000616,0.0245,0.0000136,nan,0.0000115
lib2to3_fixes_fix_renames.py.lex,300,0.0000000934,0.0000000901,0.00000586,0.00000440,0.0000000958,0.00000686,0.0258,0.0000154,nan,0.0000134
tkinter_constants.py.lex,301,0.000000266,0.000000264,0.00000983,0.00000800,0.000000554,0.00000963,0.0238,0.0000146,nan,0.0000144
crypt.py.lex,310,0.000000114,0.000000111,0.00000625,0.00000487,0.000000121,0.00000700,0.0244,0.0000143,nan,0.0000119
pydoc_data_topics.py.lex,313,0.000000202,0.000000204,0.00000782,0.00000696,0.000000222,0.0000121,0.0258,0.0000110,nan,0.0000119
email_iterators.py.lex,318,0.000000101,0.000000105,0.00000540,0.00000383,0.0000000985,0.00000603,0.0259,0.0000131,nan,0.0000114
lib2to3_fixes_fix_map.py.lex,322,0.0000000999,0.000000100,0.00000543,0.00000394,0.0000000975,0.00000655,0.0296,0.0000154,nan,0.0000140
distutils_command_install_scripts.py.lex,324,0.000000125,0.000000124,0.00000583,0.00000432,0.000000118,0.00000651,0.0286,0.0000170,nan,0.0000134
lib2to3_pgen2_token.py.lex,326,0.000000214,0.000000211,0.00000880,0.00000723,0.000000389,0.00000904,0.0256,0.0000134,nan,0.0000135
lib2to3_fixes_fix_execfile.py.lex,328,0.000000135,0.000000135,0.00000628,0.00000490,0.000000131,0.00000722,0.0289,0.0000175,nan,0.0000144
encodings_quopri_codec.py.lex,340,0.000000113,0.000000112,0.00000508,0.00000400,0.0000000917,0.00000608,0.0270,0.0000124,nan,0.0000107
tkinter_scrolledtext.py.lex,341,0.000000102,0.0000000981,0.00000560,0.00000422,0.000000120,0.00000659,0.0294,0.0000158,nan,0.0000122
distutils_dep_util.py.lex,342,0.000000122,0.000000114,0.00000535,0.00000385,0.000000125,0.00000611,0.0283,0.0000140,nan,0.0000124
email_base64mime.py.lex,342,0.000000138,0.000000131,0.00000611,0.00000467,0.000000167,0.00000707,0.0278,0.0000142,nan,0.0000127
distutils_command_clean.py.lex,355,0.000000126,0.000000122,0.00000563,0.00000456,0.000000157,0.00000670,0.0310,0.0000164,nan,0.0000152
idlelib_MultiStatusBar.py.lex,368,0.000000132,0.000000132,0.00000595,0.00000453,0.000000207,0.00000728,0.0312,0.0000156,nan,0.0000138
lib2to3_fixes_fix_itertools_imports.py.lex,368,0.000000124,0.000000123,0.00000557,0.00000432,0.000000161,0.00000687,0.0322,0.0000151,nan,0.0000138
keyword.py.lex,370,0.000000162,0.000000166,0.00000670,0.00000551,0.000000237,0.00000854,0.0303,0.0000151,nan,0.0000140
xml_dom_minicompat.py.lex,374,0.0000000796,0.0000000780,0.00000524,0.00000403,0.000000117,0.00000601,0.0292,0.0000124,nan,0.0000111
idlelib_dynOptionMenuWidget.py.lex,375,0.000000136,0.000000139,0.00000570,0.00000426,0.000000148,0.00000698,0.0318,0.0000148,nan,0.0000127
lib2to3_fixes_fix_exitfunc.py.lex,375,0.000000131,0.000000135,0.00000578,0.00000418,0.000000155,0.00000709,0.0334,0.0000170,nan,0.0000136
idlelib_Bindings.py.lex,385,0.000000162,0.000000162,0.00000729,0.00000685,0.000000235,0.00000802,0.0339,0.0000245,nan,0.0000124
urllib_response.py.lex,385,0.0000000989,0.0000000972,0.00000509,0.00000379,0.000000119,0.00000574,0.0306,0.0000126,nan,0.0000112
email_errors.py.lex,386,0.0000000934,0.0000000984,0.00000481,0.00000354,0.000000151,0.00000531,0.0289,0.00000963,nan,0.00000898
encodings_charmap.py.lex,394,0.000000110,0.000000112,0.00000467,0.00000368,0.000000109,0.00000571,0.0309,0.0000117,nan,0.0000102
lib2to3_fixes_fix_raise.py.lex,397,0.000000137,0.000000140,0.00000589,0.00000468,0.000000228,0.00000690,0.0355,0.0000167,nan,0.0000133
nturl2path.py.lex,397,0.000000138,0.000000138,0.00000591,0.00000435,0.000000298,0.00000697,0.0319,0.0000147,nan,0.0000130
lib2to3_pgen2_literals.py.lex,399,0.000000154,0.000000150,0.00000626,0.00000503,0.000000302,0.00000699,0.0325,0.0000154,nan,0.0000134
bisect.py.lex,405,0.000000141,0.000000140,0.00000597,0.00000439,0.000000305,0.00000688,0.0315,0.0000126,nan,0.0000126
multiprocessing_dummy_connection.py.lex,406,0.000000101,0.000000101,0.00000475,0.00000334,0.000000140,0.00000566,0.0314,0.0000127,nan,0.00000995
lib2to3_pgen2_grammar.py.lex,407,0.000000145,0.000000147,0.00000626,0.00000493,0.000000310,0.00000717,0.0339,0.0000157,nan,0.0000136
unittest_signals.py.lex,411,0.000000135,0.000000144,0.00000486,0.00000345,0.000000185,0.00000569,0.0327,0.0000130,nan,0.0000119
__future__.py.lex,412,0.000000233,0.000000234,0.00000674,0.00000604,0.000000302,0.00000766,0.0328,0.0000165,nan,0.0000134
xml_sax__exceptions.py.lex,414,0.000000111,0.000000107,0.00000502,0.00000369,0.000000184,0.00000579,0.0321,0.0000114,nan,0.0000117
distutils_command_install_egg_info.py.lex,418,0.000000118,0.000000116,0.00000540,0.00000368,0.000000225,0.00000641,0.0351,0.0000159,nan,0.0000124
multiprocessing_popen_spawn_posix.py.lex,419,0.000000119,0.000000118,0.00000548,0.00000403,0.000000287,0.00000625,0.0352,0.0000144,nan,0.0000123
distutils_command_install_data.py.lex,421,0.000000140,0.000000139,0.00000593,0.00000444,0.000000290,0.00000703,0.0371,0.0000162,nan,0.0000143
sqlite3_dbapi2.py.lex,421,0.000000156,0.000000151,0.00000610,0.00000422,0.000000289,0.00000743,0.0337,0.0000163,nan,0.0000128
xml_sax___init__.py.lex,421,0.000000131,0.000000129,0.00000524,0.00000384,0.000000189,0.00000641,0.0320,0.0000126,nan,0.0000106
xml_sax_handler.py.lex,421,0.0000000933,0.0000000913,0.00000467,0.00000384,0.000000136,0.00000517,0.0314,0.00000933,nan,0.00000961
xml_dom_domreg.py.lex,422,0.000000150,0.000000145,0.00000632,0.00000478,0.000000304,0.00000703,0.0342,0.0000145,nan,0.0000137
multiprocessing_popen_forkserver.py.lex,429,0.000000126,0.000000126,0.00000503,0.00000398,0.000000214,0.00000627,0.0350,0.0000141,nan,0.0000120
lib2to3_fixes_fix_has_key.py.lex,430,0.000000146,0.000000145,0.00000595,0.00000486,0.000000281,0.00000697,0.0355,0.0000160,nan,0.0000139
symbol.py.lex,435,0.000000263,0.000000272,0.00000956,0.00000774,0.000000155,0.00000977,0.0328,0.0000147,nan,0.0000139
encodings_bz2_codec.py.lex,438,0.000000107,0.000000108,0.00000481,0.00000367,0.000000131,0.00000552,0.0336,0.0000112,nan,0.0000113
codeop.py.lex,439,0.000000138,0.000000147,0.00000555,0.00000444,0.000000271,0.00000603,0.0341,0.0000125,nan,0.0000123
lib2to3_fixes_fix_xrange.py.lex,443,0.000000124,0.000000124,0.00000548,0.00000424,0.000000267,0.00000643,nan,0.0000147,nan,0.0000124
lib2to3_fixes_fix_except.py.lex,449,0.000000129,0.000000132,0.00000579,0.00000456,0.000000279,0.00000701,nan,0.0000174,nan,0.0000154
xml_etree_ElementInclude.py.lex,450,0.000000130,0.000000133,0.00000600,0.00000462,0.000000373,0.00000702,nan,0.0000150,nan,0.0000142
encodings_zlib_codec.py.lex,457,0.000000111,0.000000112,0.00000483,0.00000347,0.000000203,0.00000573,nan,0.0000108,nan,0.0000108
xml_dom___init__.py.lex,457,0.0000000916,0.0000000888,0.00000667,0.00000533,0.000000395,0.00000741,nan,0.0000110,nan,0.0000112
distutils_log.py.lex,462,0.000000123,0.000000122,0.00000545,0.00000417,0.000000274,0.00000606,nan,0.0000133,nan,0.0000112
email_parser.py.lex,463,0.000000128,0.000000124,0.00000462,0.00000358,0.000000203,0.00000563,nan,0.0000114,nan,0.0000108
_dummy_thread.py.lex,468,0.000000122,0.000000118,0.00000532,0.00000408,0.000000354,0.00000630,nan,0.0000111,nan,0.0000116
lib2to3_fixes_fix_print.py.lex,483,0.000000133,0.000000129,0.00000590,0.00000494,0.000000372,0.00000724,nan,0.0000163,nan,0.0000135
macurl2path.py.lex,485,0.000000146,0.000000139,0.00000581,0.00000484,0.000000360,0.00000721,nan,0.0000148,nan,0.0000126
lib2to3_fixes_fix_dict.py.lex,502,0.000000152,0.000000147,0.00000595,0.00000490,0.000000353,0.00000750,nan,0.0000162,nan,0.0000133
encodings_cp037.py.lex,508,0.0000000722,0.0000000737,0.0000108,0.00000832,0.000000203,0.0000809,nan,0.0000118,nan,0.00000891
encodings_cp1006.py.lex,508,0.0000000720,0.0000000743,0.0000109,0.00000822,0.000000203,0.0000830,nan,0.0000120,nan,0.00000885
encodings_cp1026.py.lex,508,0.0000000723,0.0000000721,0.0000110,0.00000828,0.000000199,0.0000821,nan,0.0000117,nan,0.00000893
encodings_cp1140.py.lex,508,0.0000000727,0.0000000720,0.0000112,0.00000844,0.000000200,0.0000816,nan,0.0000117,nan,0.00000887
encodings_cp1250.py.lex,508,0.0000000745,0.0000000734,0.0000112,0.00000842,0.000000199,0.0000809,nan,0.0000120,nan,0.00000911
encodings_cp1251.py.lex,508,0.0000000719,0.0000000722,0.0000110,0.00000862,0.000000246,0.0000817,nan,0.0000118,nan,0.00000919
encodings_cp1252.py.lex,508,0.0000000736,0.0000000712,0.0000107,0.00000848,0.000000243,0.0000814,nan,0.0000119,nan,0.00000889
encodings_cp1253.py.lex,508,0.0000000739,0.0000000728,0.0000111,0.00000844,0.000000245,0.0000806,nan,0.0000116,nan,0.00000885
encodings_cp1254.py.lex,508,0.0000000731,0.0000000724,0.0000111,0.00000848,0.000000247,0.0000807,nan,0.0000116,nan,0.00000879
encodings_cp1255.py.lex,508,0.0000000730,0.0000000697,0.0000107,0.00000842,0.000000249,0.0000808,nan,0.0000118,nan,0.00000874
encodings_cp1256.py.lex,508,0.0000000727,0.0000000733,0.0000110,0.00000852,0.000000247,0.0000820,nan,0.0000113,nan,0.00000901
encodings_cp1257.py.lex,508,0.0000000740,0.0000000699,0.0000110,0.00000852,0.000000197,0.0000826,nan,0.0000112,nan,0.00000862
encodings_cp1258.py.lex,508,0.0000000727,0.0000000694,0.0000110,0.00000854,0.000000196,0.0000830,nan,0.0000116,nan,0.00000850
encodings_cp273.py.lex,508,0.0000000730,0.0000000733,0.0000108,0.00000840,0.000000200,0.0000821,nan,0.0000116,nan,0.00000874
encodings_cp424.py.lex,508,0.0000000719,0.0000000730,0.0000107,0.00000822,0.000000198,0.0000824,nan,0.0000118,nan,0.00000891
encodings_cp500.py.lex,508,0.0000000713,0.0000000726,0.0000109,0.00000834,0.000000245,0.0000830,nan,0.0000112,nan,0.00000850
encodings_cp720.py.lex,508,0.0000000745,0.0000000699,0.0000110,0.00000834,0.000000198,0.0000828,nan,0.0000113,nan,0.00000872
encodings_cp856.py.lex,508,0.0000000750,0.0000000712,0.0000107,0.00000836,0.000000199,0.0000832,nan,0.0000118,nan,0.00000866
encodings_cp874.py.lex,508,0.0000000700,0.0000000726,0.0000110,0.00000864,0.000000202,0.0000830,nan,0.0000111,nan,0.00000897
encodings_cp875.py.lex,508,0.0000000707,0.0000000715,0.0000107,0.00000852,0.000000243,0.0000846,nan,0.0000114,nan,0.00000881
encodings_hp_roman8.py.lex,508,0.0000000714,0.0000000708,0.0000108,0.00000844,0.000000247,0.0000821,nan,0.0000117,nan,0.00000877
encodings_iso8859_1.py.lex,508,0.0000000717,0.0000000730,0.0000111,0.00000842,0.000000247,0.0000831,nan,0.0000114,nan,0.00000840
encodings_iso8859_10.py.lex,508,0.0000000701,0.0000000737,0.0000111,0.00000834,0.000000250,0.0000835,nan,0.0000116,nan,0.00000838
encodings_iso8859_11.py.lex,508,0.0000000714,0.0000000728,0.0000107,0.00000838,0.000000199,0.0000835,nan,0.0000112,nan,0.00000901
encodings_iso8859_13.py.lex,508,0.0000000708,0.0000000749,0.0000108,0.00000844,0.000000244,0.0000815,nan,0.0000116,nan,0.00000856
encodings_iso8859_14.py.lex,508,0.0000000735,0.0000000729,0.0000110,0.00000840,0.000000246,0.0000813,nan,0.0000117,nan,0.00000838
encodings_iso8859_15.py.lex,508,0.0000000735,0.0000000757,0.0000111,0.00000830,0.000000198,0.0000826,nan,0.0000110,nan,0.00000870
encodings_iso8859_16.py.lex,508,0.0000000718,0.0000000724,0.0000108,0.00000850,0.000000247,0.0000829,nan,0.0000111,nan,0.00000895
encodings_iso8859_2.py.lex,508,0.0000000723,0.0000000719,0.0000108,0.00000842,0.000000200,0.0000841,nan,0.0000119,nan,0.00000895
encodings_iso8859_3.py.lex,508,0.0000000729,0.0000000722,0.0000114,0.00000830,0.000000200,0.0000827,nan,0.0000117,nan,0.00000913
encodings_iso8859_4.py.lex,508,0.0000000748,0.0000000716,0.0000111,0.00000860,0.000000246,0.0000823,nan,0.0000120,nan,0.00000903
encodings_iso8859_5.py.lex,508,0.0000000750,0.0000000720,0.0000112,0.00000848,0.000000248,0.0000842,nan,0.0000118,nan,0.00000907
encodings_iso8859_6.py.lex,508,0.0000000741,0.0000000735,0.0000110,0.00000842,0.000000245,0.0000825,nan,0.0000117,nan,0.00000917
encodings_iso8859_7.py.lex,508,0.0000000730,0.0000000757,0.0000110,0.00000830,0.000000246,0.0000825,nan,0.0000119,nan,0.00000897
encodings_iso8859_8.py.lex,508,0.0000000718,0.0000000721,0.0000107,0.00000832,0.000000246,0.0000842,nan,0.0000118,nan,0.00000903
encodings_iso8859_9.py.lex,508,0.0000000746,0.0000000745,0.0000110,0.00000828,0.000000244,0.0000839,nan,0.0000115,nan,0.00000923
encodings_koi8_r.py.lex,508,0.0000000717,0.0000000720,0.0000111,0.00000830,0.000000245,0.0000843,nan,0.0000115,nan,0.00000897
encodings_koi8_u.py.lex,508,0.0000000750,0.0000000737,0.0000111,0.00000850,0.000000247,0.0000811,nan,0.0000113,nan,0.00000903
encodings_mac_centeuro.py.lex,508,0.0000000737,0.0000000720,0.0000113,0.00000832,0.000000199,0.0000833,nan,0.0000117,nan,0.00000901
encodings_mac_croatian.py.lex,508,0.0000000758,0.0000000748,0.0000111,0.00000848,0.000000198,0.0000842,nan,0.0000118,nan,0.00000893
encodings_mac_cyrillic.py.lex,508,0.0000000756,0.0000000730,0.0000107,0.00000836,0.000000196,0.0000853,nan,0.0000113,nan,0.00000899
encodings_mac_farsi.py.lex,508,0.0000000730,0.0000000735,0.0000109,0.00000848,0.000000201,0.0000833,nan,0.0000117,nan,0.00000911
encodings_mac_greek.py.lex,508,0.0000000746,0.0000000751,0.0000113,0.00000848,0.000000246,0.0000823,nan,0.0000121,nan,0.00000895
encodings_mac_iceland.py.lex,508,0.0000000725,0.0000000756,0.0000111,0.00000856,0.000000197,0.0000807,nan,0.0000115,nan,0.00000907
encodings_mac_latin2.py.lex,508,0.0000000697,0.0000000734,0.0000109,0.00000832,0.000000202,0.0000838,nan,0.0000112,nan,0.00000913
encodings_mac_roman.py.lex,508,0.0000000718,0.0000000731,0.0000108,0.00000838,0.000000245,0.0000841,nan,0.0000115,nan,0.00000893
encodings_mac_romanian.py.lex,508,0.0000000726,0.0000000732,0.0000111,0.00000844,0.000000197,0.0000845,nan,0.0000116,nan,0.00000909
encodings_mac_turkish.py.lex,508,0.0000000719,0.0000000732,0.0000111,0.00000852,0.000000247,0.0000844,nan,0.0000117,nan,0.00000905
encodings_palmos.py.lex,508,0.0000000700,0.0000000714,0.0000113,0.00000860,0.000000246,0.0000814,nan,0.0000117,nan,0.00000909
encodings_ptcp154.py.lex,508,0.0000000710,0.0000000717,0.0000111,0.00000838,0.000000245,0.0000826,nan,0.0000120,nan,0.00000903
encodings_tis_620.py.lex,508,0.0000000718,0.0000000717,0.0000111,0.00000852,0.000000246,0.0000835,nan,0.0000117,nan,0.00000893
encodings_rot_13.py.lex,509,0.000000146,0.000000144,0.00000628,0.00000497,0.0000000189,0.00000801,nan,0.0000133,nan,0.0000119
tkinter__fix.py.lex,509,0.000000131,0.000000137,0.00000569,0.00000436,0.0000000248,0.00000697,nan,0.0000159,nan,0.0000143
multiprocessing_popen_fork.py.lex,513,0.000000114,0.000000115,0.00000493,0.00000335,0.0000000188,0.00000614,nan,0.0000156,nan,0.0000136
_compat_pickle.py.lex,517,0.000000243,0.000000250,0.00000816,0.00000682,0.0000000391,0.0000104,nan,0.0000145,nan,0.0000133
idlelib_WindowList.py.lex,521,0.000000116,0.000000117,0.00000489,0.00000333,0.0000000190,0.00000600,nan,0.0000133,nan,0.0000122
_sitebuiltins.py.lex,528,0.000000113,0.000000117,0.00000503,0.00000359,0.0000000183,0.00000613,nan,0.0000137,nan,0.0000129
lib2to3_fixes_fix_import.py.lex,529,0.000000143,0.000000140,0.00000567,0.00000423,0.0000000213,0.00000682,nan,0.0000155,nan,0.0000133
lib2to3_fixes_fix_next.py.lex,532,0.000000137,0.000000132,0.00000560,0.00000441,0.0000000236,0.00000672,nan,0.0000155,nan,0.0000134
json_scanner.py.lex,537,0.000000166,0.000000171,0.00000635,0.00000472,0.0000000321,0.00000722,nan,0.0000161,nan,0.0000136
distutils_versionpredicate.py.lex,539,0.000000138,0.000000135,0.00000606,0.00000426,0.0000000260,0.00000708,nan,0.0000154,nan,0.0000119
genericpath.py.lex,540,0.000000133,0.000000127,0.00000592,0.00000444,0.0000000268,0.00000685,nan,0.0000130,nan,0.0000123
encodings_uu_codec.py.lex,549,0.000000136,0.000000139,0.00000586,0.00000442,0.0000000231,0.00000663,nan,0.0000148,nan,0.0000123
fnmatch.py.lex,549,0.000000150,0.000000150,0.00000617,0.00000520,0.0000000356,0.00000706,nan,0.0000154,nan,0.0000151
glob.py.lex,564,0.000000131,0.000000131,0.00000572,0.00000425,0.0000000303,0.00000686,nan,0.0000142,nan,0.0000123
multiprocessing_popen_spawn_win32.py.lex,573,0.000000157,0.000000157,0.00000607,0.00000476,0.0000000291,0.00000719,nan,0.0000167,nan,0.0000149
lib2to3_fixes_fix_idioms.py.lex,580,0.000000151,0.000000146,0.00000629,0.00000475,0.0000000340,0.00000713,nan,0.0000160,nan,0.0000147
idlelib_AutoExpand.py.lex,584,0.000000154,0.000000147,0.00000643,0.00000491,0.0000000480,0.00000756,nan,0.0000161,nan,0.0000146
_threading_local.py.lex,588,0.000000150,0.000000147,0.00000583,0.00000438,0.0000000338,0.00000695,nan,0.0000141,nan,0.0000135
lib2to3_fixes_fix_operator.py.lex,601,0.000000158,0.000000152,0.00000549,0.00000429,0.0000000185,0.00000635,nan,0.0000143,nan,0.0000126
idlelib_IdleHistory.py.lex,611,0.000000148,0.000000145,0.00000608,0.00000466,0.0000000471,0.00000710,nan,0.0000155,nan,0.0000147
idlelib_textView.py.lex,611,0.000000153,0.000000150,0.00000631,0.00000446,0.0000000365,0.00000687,nan,0.0000159,nan,0.0000135
stat.py.lex,613,0.000000232,0.000000229,0.00000742,0.00000590,0.0000000713,0.00000779,nan,0.0000155,nan,0.0000125
tkinter_messagebox.py.lex,634,0.000000230,0.000000224,0.00000657,0.00000544,0.0000000509,0.00000728,nan,0.0000142,nan,0.0000131
rlcompleter.py.lex,636,0.000000138,0.000000146,0.00000589,0.00000473,0.0000000458,0.00000680,nan,0.0000150,nan,0.0000144
hmac.py.lex,643,0.000000134,0.000000140,0.00000556,0.00000418,0.0000000433,0.00000687,nan,0.0000153,nan,0.0000140
email_policy.py.lex,644,0.000000143,0.000000145,0.00000593,0.00000465,0.0000000350,0.00000700,nan,0.0000150,nan,0.0000133
distutils_command_bdist_dumb.py.lex,646,0.000000153,0.000000156,0.00000606,0.00000475,0.0000000521,0.00000698,nan,0.0000161,nan,0.0000138
lib2to3_fixes_fix_imports.py.lex,649,0.000000184,0.000000186,0.00000661,0.00000545,0.0000000537,0.00000848,nan,0.0000142,nan,0.0000136
encodings___init__.py.lex,652,0.000000148,0.000000153,0.00000618,0.00000495,0.0000000644,0.00000719,nan,0.0000158,nan,0.0000149
lib2to3_fixer_base.py.lex,653,0.000000144,0.000000150,0.00000609,0.00000470,0.0000000445,0.00000693,nan,0.0000139,nan,0.0000136
distutils_command_build.py.lex,658,0.000000149,0.000000148,0.00000589,0.00000442,0.0000000426,0.00000655,nan,0.0000152,nan,0.0000134
concurrent_futures_thread.py.lex,663,0.000000133,0.000000134,0.00000555,0.00000401,0.0000000427,0.00000641,nan,0.0000137,nan,0.0000126
idlelib_SearchDialog.py.lex,664,0.000000129,0.000000129,0.00000584,0.00000418,0.0000000536,0.00000683,nan,0.0000150,nan,0.0000134
multiprocessing_dummy___init__.py.lex,668,0.000000133,0.000000134,0.00000522,0.00000416,0.0000000291,0.00000624,nan,0.0000125,nan,0.0000106
linecache.py.lex,671,0.000000145,0.000000142,0.00000612,0.00000473,0.0000000546,0.00000679,nan,0.0000148,nan,0.0000142
distutils_command_bdist.py.lex,683,0.000000193,0.000000189,0.00000658,0.00000527,0.0000000636,0.00000737,nan,0.0000164,nan,0.0000144
idlelib_WidgetRedirector.py.lex,688,0.000000143,0.000000143,0.00000582,0.00000456,0.0000000529,0.00000680,nan,0.0000146,nan,0.0000136
idlelib_ToolTip.py.lex,693,0.000000133,0.000000132,0.00000581,0.00000406,0.0000000623,0.00000694,nan,0.0000148,nan,0.0000132
dbm___init__.py.lex,696,0.000000226,0.000000215,0.00000614,0.00000465,0.0000000774,0.00000708,nan,0.0000145,nan,0.0000139
importlib___init__.py.lex,696,0.000000137,0.000000136,0.00000591,0.00000462,0.0000000742,0.00000722,nan,0.0000143,nan,0.0000139
multiprocessing_semaphore_tracker.py.lex,703,0.000000109,0.000000107,0.00000543,0.00000399,0.0000000622,0.00000628,nan,0.0000152,nan,0.0000139
idlelib_configSectionNameDialog.py.lex,708,0.000000149,0.000000154,0.00000608,0.00000432,0.0000000893,0.00000710,nan,0.0000169,nan,0.0000137
distutils_config.py.lex,713,0.000000178,0.000000181,0.00000635,0.00000511,0.0000000873,0.00000760,nan,0.0000188,nan,0.0000157
sched.py.lex,714,0.000000134,0.000000134,0.00000543,0.00000442,0.0000000411,0.00000645,nan,0.0000136,nan,0.0000126
json___init__.py.lex,719,0.000000179,0.000000179,0.00000621,0.00000488,0.0000000579,0.00000721,nan,0.0000130,nan,0.0000127
idlelib_PathBrowser.py.lex,720,0.000000132,0.000000134,0.00000541,0.00000431,0.0000000589,0.00000677,nan,0.0000135,nan,0.0000134
py_compile.py.lex,736,0.000000165,0.000000168,0.00000584,0.00000493,0.0000000876,0.00000732,nan,0.0000149,nan,0.0000141
distutils_core.py.lex,741,0.000000155,0.000000162,0.00000608,0.00000456,0.0000000862,0.00000711,nan,0.0000141,nan,0.0000135
token.py.lex,741,0.000000225,0.000000221,0.00000777,0.00000591,0.000000254,0.00000870,nan,0.0000154,nan,0.0000133
chunk.py.lex,745,0.000000124,0.000000126,0.00000526,0.00000402,0.0000000835,0.00000638,nan,0.0000143,nan,0.0000126
html___init__.py.lex,750,0.000000232,0.000000229,0.00000866,0.00000694,0.000000224,0.0000123,nan,0.0000133,nan,0.0000125
idlelib_OutputWindow.py.lex,754,0.000000185,0.000000184,0.00000567,0.00000457,0.0000000698,0.00000680,nan,0.0000145,nan,0.0000125
curses_ascii.py.lex,786,0.000000150,0.000000155,0.00000641,0.00000519,0.000000143,0.00000798,nan,0.0000129,nan,0.0000113
idlelib_FileList.py.lex,813,0.000000185,0.000000188,0.00000570,0.00000371,0.000000114,0.00000670,nan,0.0000134,nan,0.0000122
idlelib_Percolator.py.lex,813,0.000000157,0.000000156,0.00000574,0.00000419,0.000000136,0.00000707,nan,0.0000153,nan,0.0000123
encodings_utf_8_sig.py.lex,818,0.000000153,0.000000153,0.00000561,0.00000419,0.0000000756,0.00000633,nan,0.0000136,nan,0.0000118
distutils_command_check.py.lex,824,0.000000181,0.000000178,0.00000582,0.00000480,0.000000137,0.00000705,nan,0.0000163,nan,0.0000126
abc.py.lex,836,0.000000178,0.000000180,0.00000624,0.00000484,0.000000169,0.00000753,nan,0.0000168,nan,0.0000136
email__encoded_words.py.lex,838,0.000000205,0.000000207,0.00000634,0.00000497,0.000000170,0.00000745,nan,0.0000172,nan,0.0000136
distutils_command_build_scripts.py.lex,850,0.000000144,0.000000142,0.00000608,0.00000455,0.000000171,0.00000711,nan,0.0000171,nan,0.0000162
wsgiref_headers.py.lex,853,0.000000143,0.000000144,0.00000547,0.00000416,0.000000132,0.00000651,nan,0.0000157,nan,0.0000125
getpass.py.lex,857,0.000000152,0.000000153,0.00000600,0.00000477,0.000000211,0.00000729,nan,0.0000160,nan,0.0000135
types.py.lex,861,0.000000163,0.000000169,0.00000610,0.00000473,0.000000164,0.00000746,nan,0.0000143,nan,0.0000123
lib2to3_btm_matcher.py.lex,866,0.000000194,0.000000194,0.00000622,0.00000450,0.000000166,0.00000729,nan,0.0000167,nan,0.0000154
lib2to3_pgen2_parse.py.lex,870,0.000000173,0.000000174,0.00000618,0.00000512,0.000000209,0.00000743,nan,0.0000163,nan,0.0000155
ensurepip___init__.py.lex,871,0.000000235,0.000000236,0.00000640,0.00000537,0.000000210,0.00000709,nan,0.0000162,nan,0.0000126
pty.py.lex,873,0.000000176,0.000000176,0.00000641,0.00000451,0.000000208,0.00000709,nan,0.0000146,nan,0.0000134
asyncio_transports.py.lex,876,0.000000143,0.000000144,0.00000537,0.00000392,0.000000108,0.00000599,nan,0.0000127,nan,0.0000122
wsgiref_util.py.lex,880,0.000000240,0.000000219,0.00000685,0.00000503,0.000000209,0.00000768,nan,0.0000159,nan,0.0000130
imghdr.py.lex,887,0.000000158,0.000000153,0.00000630,0.00000430,0.000000201,0.00000709,nan,0.0000137,nan,0.0000122
ctypes_macholib_dyld.py.lex,895,0.000000163,0.000000158,0.00000586,0.00000445,0.000000157,0.00000718,nan,0.0000140,nan,0.0000111
sre_constants.py.lex,896,0.000000338,0.000000331,0.00000882,0.00000703,0.000000576,0.00000998,nan,0.0000150,nan,0.0000127
idlelib_CallTips.py.lex,901,0.000000163,0.000000163,0.00000581,0.00000453,0.000000198,0.00000732,nan,0.0000160,nan,0.0000127
distutils_command_build_clib.py.lex,903,0.000000131,0.000000129,0.00000619,0.00000461,0.000000200,0.00000724,nan,0.0000164,nan,0.0000140
importlib_abc.py.lex,904,0.000000129,0.000000131,0.00000561,0.00000394,0.000000123,0.00000611,nan,0.0000118,nan,0.0000108
importlib_util.py.lex,905,0.000000152,0.000000154,0.00000569,0.00000429,0.000000156,0.00000670,nan,0.0000135,nan,0.0000121
distutils_extension.py.lex,909,0.000000203,0.000000209,0.00000633,0.00000491,0.000000266,0.00000739,nan,0.0000172,nan,0.0000155
cProfile.py.lex,916,0.000000169,0.000000169,0.00000589,0.00000457,0.000000200,0.00000735,nan,0.0000149,nan,0.0000125
idlelib_ObjectBrowser.py.lex,916,0.000000179,0.000000184,0.00000549,0.00000423,0.000000157,0.00000653,nan,0.0000145,nan,0.0000114
copyreg.py.lex,924,0.000000156,0.000000161,0.00000576,0.00000417,0.000000196,0.00000685,nan,0.0000148,nan,0.0000127
idlelib_ParenMatch.py.lex,927,0.000000153,0.000000153,0.00000610,0.00000400,0.000000205,0.00000729,nan,0.0000161,nan,0.0000134
hashlib.py.lex,933,0.000000216,0.000000220,0.00000741,0.00000508,0.000000263,0.00000764,nan,0.0000166,nan,0.0000159
encodings_utf_16.py.lex,954,0.000000154,0.000000152,0.00000558,0.00000409,0.000000187,0.00000664,nan,0.0000145,nan,0.0000129
encodings_utf_32.py.lex,954,0.000000149,0.000000155,0.00000545,0.00000402,0.000000152,0.00000674,nan,0.0000149,nan,0.0000124
wsgiref_simple_server.py.lex,960,0.000000199,0.000000201,0.00000634,0.00000482,0.000000328,0.00000762,nan,0.0000151,nan,0.0000131
colorsys.py.lex,975,0.000000199,0.000000202,0.00000613,0.00000495,0.000000338,0.00000709,nan,0.0000148,nan,0.0000123
distutils_version.py.lex,978,0.000000170,0.000000168,0.00000556,0.00000420,0.000000191,0.00000656,nan,0.0000146,nan,0.0000126
lib2to3_pgen2_driver.py.lex,987,0.000000183,0.000000185,0.00000649,0.00000490,0.000000249,0.00000726,nan,0.0000147,nan,0.0000136
distutils_command_install_lib.py.lex,996,0.000000192,0.000000196,0.00000599,0.00000458,0.000000245,0.00000704,nan,0.0000160,nan,0.0000148
queue.py.lex,999,0.000000125,0.000000125,0.00000504,0.00000344,0.000000185,0.00000603,nan,0.0000132,nan,0.0000122
code.py.lex,1000,0.000000179,0.000000187,0.00000597,0.00000461,0.000000330,0.00000693,nan,0.0000148,nan,0.0000147
multiprocessing_resource_sharer.py.lex,1010,0.000000154,0.000000162,0.00000578,0.00000438,0.000000245,0.00000690,nan,0.0000154,nan,0.0000142
distutils_text_file.py.lex,1012,0.000000167,0.000000169,0.00000580,0.00000439,0.000000322,0.00000716,nan,0.0000158,nan,0.0000147
idlelib_ScriptBinding.py.lex,1022,0.000000182,0.000000189,0.00000565,0.00000430,0.000000325,0.00000711,nan,0.0000156,nan,0.0000143
netrc.py.lex,1023,0.000000208,0.000000205,0.00000621,0.00000428,0.000000331,0.00000737,nan,0.0000174,nan,0.0000156
idlelib_ScrolledList.py.lex,1031,0.000000203,0.000000205,0.00000575,0.00000419,0.000000326,0.00000722,nan,0.0000152,nan,0.0000132
idlelib_macosxSupport.py.lex,1037,0.000000187,0.000000190,0.00000623,0.00000450,0.000000326,0.00000717,nan,0.0000154,nan,0.0000135
distutils_spawn.py.lex,1041,0.000000196,0.000000201,0.00000636,0.00000468,0.000000323,0.00000730,nan,0.0000153,nan,0.0000146
lib2to3_fixes_fix_tuple_params.py.lex,1043,0.000000186,0.000000186,0.00000614,0.00000440,0.000000323,0.00000750,nan,0.0000161,nan,0.0000141
idlelib_StackViewer.py.lex,1047,0.000000169,0.000000170,0.00000584,0.00000424,0.000000316,0.00000703,nan,0.0000142,nan,0.0000132
distutils_dir_util.py.lex,1049,0.000000187,0.000000187,0.00000618,0.00000455,0.000000329,0.00000747,nan,0.0000153,nan,0.0000135
idlelib_SearchDialogBase.py.lex,1064,0.000000221,0.000000212,0.00000673,0.00000474,0.000000465,0.00000774,nan,0.0000168,nan,0.0000150
curses_has_key.py.lex,1072,0.000000199,0.000000191,0.00000777,0.00000560,0.000000283,0.0000178,nan,0.0000115,nan,0.00000995
uu.py.lex,1078,0.000000193,0.000000188,0.00000661,0.00000460,0.000000235,0.00000763,nan,0.0000172,nan,0.0000151
email_quoprimime.py.lex,1082,0.000000220,0.000000216,0.00000694,0.00000518,0.000000476,0.00000774,nan,0.0000152,nan,0.0000145
idlelib_FormatParagraph.py.lex,1082,0.000000217,0.000000215,0.00000682,0.00000539,0.000000491,0.00000796,nan,0.0000167,nan,0.0000136
opcode.py.lex,1084,0.000000325,0.000000331,0.00000944,0.00000724,0.000000347,0.0000106,nan,0.0000183,nan,0.0000137
getopt.py.lex,1091,0.000000214,0.000000212,0.00000691,0.00000522,0.000000458,0.00000759,nan,0.0000162,nan,0.0000146
shelve.py.lex,1093,0.000000172,0.000000167,0.00000547,0.00000407,0.000000297,0.00000652,nan,0.0000143,nan,0.0000118
unittest_util.py.lex,1102,0.000000232,0.000000241,0.00000700,0.00000549,0.000000294,0.00000792,nan,0.0000158,nan,0.0000149
macpath.py.lex,1104,0.000000191,0.000000195,0.00000673,0.00000538,0.000000468,0.00000759,nan,0.0000143,nan,0.0000123
asyncio_coroutines.py.lex,1109,0.000000169,0.000000168,0.00000553,0.00000421,0.000000308,0.00000666,nan,0.0000146,nan,0.0000123
idlelib_CallTipWindow.py.lex,1112,0.000000186,0.000000193,0.00000599,0.00000452,0.000000486,0.00000739,nan,0.0000157,nan,0.0000141
distutils_file_util.py.lex,1126,0.000000192,0.000000193,0.00000609,0.00000431,0.000000458,0.00000715,nan,0.0000160,nan,0.0000145
idlelib_CodeContext.py.lex,1161,0.000000216,0.000000218,0.00000674,0.00000517,0.000000276,0.00000809,nan,0.0000169,nan,0.0000149
idlelib_GrepDialog.py.lex,1165,0.000000219,0.000000216,0.00000626,0.00000429,0.000000277,0.00000722,nan,0.0000160,nan,0.0000143
numbers.py.lex,1174,0.000000141,0.000000141,0.00000419,0.00000325,0.000000157,0.00000460,nan,0.00000919,nan,0.00000961
distutils_archive_util.py.lex,1178,0.000000225,0.000000223,0.00000662,0.00000477,0.000000272,0.00000731,nan,0.0000156,nan,0.0000139
urllib_robotparser.py.lex,1194,0.000000183,0.000000182,0.00000594,0.00000420,0.000000272,0.00000730,nan,0.0000155,nan,0.0000148
ctypes_wintypes.py.lex,1195,0.000000361,0.000000367,0.00000835,0.00000641,0.000000504,0.00000926,nan,0.0000162,nan,0.0000131
email__policybase.py.lex,1198,0.000000185,0.000000190,0.00000558,0.00000407,0.000000406,0.00000642,nan,0.0000149,nan,0.0000123
unittest_result.py.lex,1206,0.000000195,0.000000195,0.00000590,0.00000413,0.000000267,0.00000689,nan,0.0000150,nan,0.0000133
contextlib.py.lex,1214,0.000000188,0.000000186,0.00000535,0.00000384,0.000000417,0.00000630,nan,0.0000129,nan,0.0000179
reprlib.py.lex,1228,0.000000215,0.000000225,0.00000620,0.00000476,0.0000000284,0.00000745,nan,0.0000164,nan,0.0000134
lib2to3_fixes_fix_urllib.py.lex,1241,0.000000220,0.000000219,0.00000688,0.00000534,0.0000000378,0.00000771,nan,0.0000204,nan,0.0000150
distutils_command_upload.py.lex,1260,0.000000208,0.000000220,0.00000653,0.00000491,0.0000000414,0.00000796,nan,0.0000171,nan,0.0000139
asyncio_windows_utils.py.lex,1265,0.000000222,0.000000224,0.00000618,0.00000459,0.0000000370,0.00000698,nan,0.0000156,nan,0.0000134
encodings_aliases.py.lex,1284,0.000000436,0.000000423,0.0000180,0.0000134,0.000000528,0.0000525,nan,0.0000113,nan,0.0000125
lib2to3_fixes_fix_metaclass.py.lex,1287,0.000000205,0.000000202,0.00000609,0.00000468,0.0000000415,0.00000733,nan,0.0000161,nan,0.0000137
_weakrefset.py.lex,1291,0.000000176,0.000000166,0.00000524,0.00000376,0.0000000279,0.00000628,nan,0.0000139,nan,0.0000128
idlelib_configHelpSourceEdit.py.lex,1299,0.000000212,0.000000211,0.00000661,0.00000504,0.0000000464,0.00000798,nan,0.0000187,nan,0.0000145
string.py.lex,1306,0.000000207,0.000000205,0.00000630,0.00000447,0.0000000356,0.00000722,nan,0.0000158,nan,0.0000135
idlelib_AutoComplete.py.lex,1332,0.000000214,0.000000210,0.00000625,0.00000467,0.0000000467,0.00000744,nan,0.0000171,nan,0.0000143
pipes.py.lex,1350,0.000000307,0.000000285,0.00000654,0.00000503,0.0000000538,0.00000743,nan,0.0000162,nan,0.0000143
multiprocessing_spawn.py.lex,1365,0.000000215,0.000000215,0.00000629,0.00000482,0.0000000527,0.00000764,nan,0.0000150,nan,0.0000132
asyncio_queues.py.lex,1372,0.000000144,0.000000148,0.00000517,0.00000357,0.0000000332,0.00000632,nan,0.0000139,nan,0.0000119
sndhdr.py.lex,1374,0.000000353,0.000000340,0.00000622,0.00000486,0.0000000535,0.00000724,nan,0.0000156,nan,0.0000131
timeit.py.lex,1376,0.000000276,0.000000289,0.00000675,0.00000558,0.0000000626,0.00000767,nan,0.0000166,nan,0.0000143
multiprocessing_sharedctypes.py.lex,1393,0.000000185,0.000000180,0.00000642,0.00000479,0.0000000438,0.00000753,nan,0.0000145,nan,0.0000119
idlelib_SearchEngine.py.lex,1396,0.000000352,0.000000344,0.00000629,0.00000487,0.0000000531,0.00000738,nan,0.0000152,nan,0.0000134
multiprocessing_forkserver.py.lex,1405,0.000000218,0.000000214,0.00000624,0.00000464,0.0000000528,0.00000735,nan,0.0000162,nan,0.0000140
xml_sax_xmlreader.py.lex,1412,0.000000145,0.000000148,0.00000491,0.00000342,0.0000000292,0.00000570,nan,0.0000111,nan,0.0000107
dbm_dumb.py.lex,1415,0.000000200,0.000000199,0.00000604,0.00000433,0.0000000519,0.00000718,nan,0.0000160,nan,0.0000140
email_charset.py.lex,1415,0.000000285,0.000000280,0.00000678,0.00000539,0.0000000594,0.00000778,nan,0.0000155,nan,0.0000137
lib2to3_patcomp.py.lex,1415,0.000000150,0.000000151,0.00000635,0.00000473,0.0000000517,0.00000736,nan,0.0000166,nan,0.0000141
tkinter_font.py.lex,1419,0.000000257,0.000000262,0.00000633,0.00000485,0.0000000512,0.00000761,nan,0.0000179,nan,0.0000141
asynchat.py.lex,1423,0.000000190,0.000000184,0.00000597,0.00000418,0.0000000509,0.00000670,nan,0.0000155,nan,0.0000137
idlelib_aboutDialog.py.lex,1428,0.000000290,0.000000287,0.00000720,0.00000567,0.0000000704,0.00000808,nan,0.0000173,nan,0.0000151
asyncio_subprocess.py.lex,1445,0.000000193,0.000000191,0.00000559,0.00000406,0.0000000435,0.00000699,nan,0.0000137,nan,0.0000121
runpy.py.lex,1452,0.000000265,0.000000260,0.00000646,0.00000471,0.0000000605,0.00000768,nan,0.0000142,nan,0.0000133
xdrlib.py.lex,1455,0.000000187,0.000000181,0.00000563,0.00000437,0.0000000436,0.00000719,nan,0.0000142,nan,0.0000122
re.py.lex,1464,0.000000267,0.000000253,0.00000670,0.00000509,0.0000000592,0.00000762,nan,0.0000154,nan,0.0000128
compileall.py.lex,1471,0.000000263,0.000000265,0.00000630,0.00000541,0.0000000713,0.00000772,nan,0.0000172,nan,0.0000151
encodings_punycode.py.lex,1471,0.000000272,0.000000264,0.00000693,0.00000579,0.0000000717,0.00000774,nan,0.0000157,nan,0.0000141
unittest_runner.py.lex,1490,0.000000188,0.000000185,0.00000595,0.00000440,0.0000000683,0.00000730,nan,0.0000163,nan,0.0000138
mailcap.py.lex,1495,0.000000279,0.000000288,0.00000696,0.00000573,0.000000125,0.00000802,nan,0.0000157,nan,0.0000147
multiprocessing_reduction.py.lex,1495,0.000000128,0.000000129,0.00000624,0.00000460,0.0000000496,0.00000715,nan,0.0000152,nan,0.0000133
curses_textpad.py.lex,1502,0.000000194,0.000000200,0.00000607,0.00000419,0.0000000678,0.00000719,nan,0.0000165,nan,0.0000142
multiprocessing_heap.py.lex,1517,0.000000262,0.000000259,0.00000626,0.00000439,0.0000000679,0.00000735,nan,0.0000169,nan,0.0000143
ast.py.lex,1527,0.000000264,0.000000272,0.00000641,0.00000489,0.0000000681,0.00000732,nan,0.0000172,nan,0.0000142
unittest_main.py.lex,1529,0.000000263,0.000000265,0.00000658,0.00000489,0.0000000678,0.00000731,nan,0.0000164,nan,0.0000138
quopri.py.lex,1532,0.000000307,0.000000310,0.00000676,0.00000550,0.000000120,0.00000765,nan,0.0000169,nan,0.0000148
encodings_idna.py.lex,1534,0.000000249,0.000000258,0.00000652,0.00000502,0.000000102,0.00000746,nan,0.0000164,nan,0.0000144
multiprocessing_process.py.lex,1536,0.000000179,0.000000189,0.00000575,0.00000416,0.0000000554,0.00000673,nan,0.0000146,nan,0.0000131
tkinter_dnd.py.lex,1550,0.000000235,0.000000236,0.00000598,0.00000472,0.0000000808,0.00000710,nan,0.0000153,nan,0.0000132
distutils_unixccompiler.py.lex,1558,0.000000263,0.000000255,0.00000640,0.00000497,0.0000000695,0.00000736,nan,0.0000170,nan,0.0000146
imp.py.lex,1558,0.000000242,0.000000244,0.00000640,0.00000487,0.0000000671,0.00000749,nan,0.0000147,nan,0.0000128
xml_etree_ElementPath.py.lex,1561,0.000000247,0.000000246,0.00000597,0.00000483,0.0000000686,0.00000725,nan,0.0000152,nan,0.0000137
symtable.py.lex,1564,0.000000174,0.000000174,0.00000546,0.00000395,0.0000000407,0.00000650,nan,0.0000135,nan,0.0000119
lib2to3_btm_utils.py.lex,1579,0.000000267,0.000000259,0.00000642,0.00000487,0.000000115,0.00000753,nan,0.0000175,nan,0.0000147
traceback.py.lex,1584,0.000000297,0.000000286,0.00000659,0.00000520,0.0000000780,0.00000777,nan,0.0000157,nan,0.0000125
idlelib_ReplaceDialog.py.lex,1586,0.000000277,0.000000285,0.00000643,0.00000509,0.000000126,0.00000755,nan,0.0000157,nan,0.0000143
statistics.py.lex,1586,0.000000276,0.000000272,0.00000652,0.00000525,0.000000120,0.00000789,nan,0.0000152,nan,0.0000137
distutils_cygwinccompiler.py.lex,1591,0.000000248,0.000000261,0.00000636,0.00000492,0.0000000783,0.00000732,nan,0.0000156,nan,0.0000141
textwrap.py.lex,1594,0.000000233,0.000000234,0.00000625,0.00000491,0.0000000970,0.00000711,nan,0.0000164,nan,0.0000147
idlelib_ClassBrowser.py.lex,1596,0.000000311,0.000000307,0.00000582,0.00000429,0.0000000677,0.00000679,nan,0.0000151,nan,0.0000132
tabnanny.py.lex,1604,0.000000275,0.000000264,0.00000654,0.00000502,0.000000118,0.00000749,nan,0.0000163,nan,0.0000145
ctypes_util.py.lex,1615,0.000000240,0.000000231,0.00000604,0.00000482,0.000000118,0.00000718,nan,0.0000165,nan,0.0000151
distutils_filelist.py.lex,1630,0.000000255,0.000000256,0.00000631,0.00000504,0.000000118,0.00000779,nan,0.0000176,nan,0.0000146
lib2to3_pgen2_conv.py.lex,1630,0.000000376,0.000000375,0.00000773,0.00000622,0.000000197,0.00000862,nan,0.0000205,nan,0.0000175
concurrent_futures_process.py.lex,1632,0.000000227,0.000000227,0.00000602,0.00000431,0.000000114,0.00000702,nan,0.0000150,nan,0.0000135
lib2to3_main.py.lex,1633,0.000000254,0.000000232,0.00000654,0.00000501,0.000000147,0.00000780,nan,0.0000170,nan,0.0000141
idlelib_HyperParser.py.lex,1659,0.000000273,0.000000271,0.00000657,0.00000522,0.000000142,0.00000774,nan,0.0000208,nan,0.0000149
heapq.py.lex,1678,0.000000323,0.000000321,0.00000789,0.00000626,0.000000192,0.00000836,nan,0.0000167,nan,0.0000142
filecmp.py.lex,1694,0.000000253,0.000000255,0.00000628,0.00000487,0.000000143,0.00000760,nan,0.0000162,nan,0.0000133
copy.py.lex,1706,0.000000365,0.000000362,0.00000699,0.00000565,0.000000188,0.00000814,nan,0.0000162,nan,0.0000137
asyncio_locks.py.lex,1736,0.000000222,0.000000222,0.00000548,0.00000390,0.000000107,0.00000653,nan,0.0000141,nan,0.0000122
asyncio_futures.py.lex,1745,0.000000245,0.000000250,0.00000615,0.00000473,0.000000143,0.00000736,nan,0.0000161,nan,0.0000134
distutils_command_register.py.lex,1748,0.000000290,0.000000291,0.00000647,0.00000544,0.000000185,0.00000798,nan,0.0000187,nan,0.0000158
unittest_suite.py.lex,1757,0.000000253,0.000000260,0.00000575,0.00000472,0.000000139,0.00000675,nan,0.0000153,nan,0.0000146
distutils_cmd.py.lex,1758,0.000000255,0.000000262,0.00000587,0.00000451,0.0000000913,0.00000675,nan,0.0000153,nan,0.0000125
multiprocessing_context.py.lex,1765,0.000000214,0.000000215,0.00000516,0.00000410,0.0000000495,0.00000594,nan,0.0000129,nan,0.0000112
multiprocessing_util.py.lex,1792,0.000000257,0.000000263,0.00000640,0.00000488,0.000000172,0.00000773,nan,0.0000158,nan,0.0000127
distutils_command_config.py.lex,1794,0.000000279,0.000000282,0.00000630,0.00000534,0.000000139,0.00000744,nan,0.0000162,nan,0.0000141
idlelib_ColorDelegator.py.lex,1798,0.000000339,0.000000342,0.00000657,0.00000525,0.000000181,0.00000766,nan,0.0000179,nan,0.0000149
asyncio_base_subprocess.py.lex,1802,0.000000206,0.000000212,0.00000555,0.00000411,0.000000108,0.00000634,nan,0.0000148,nan,0.0000127
distutils_command_bdist_wininst.py.lex,1808,0.000000309,0.000000311,0.00000665,0.00000508,0.000000179,0.00000789,nan,0.0000181,nan,0.0000147
poplib.py.lex,1817,0.000000271,0.000000272,0.00000624,0.00000483,0.000000174,0.00000729,nan,0.0000157,nan,0.0000137
operator.py.lex,1847,0.000000306,0.000000317,0.00000636,0.00000501,0.000000173,0.00000749,nan,0.0000118,nan,0.0000111
email_contentmanager.py.lex,1861,0.000000271,0.000000272,0.00000621,0.00000492,0.000000169,0.00000754,nan,0.0000165,nan,0.0000131
distutils_bcppcompiler.py.lex,1870,0.000000325,0.000000321,0.00000643,0.00000489,0.000000209,0.00000748,nan,0.0000181,nan,0.0000161
email_utils.py.lex,1875,0.000000317,0.000000327,0.00000704,0.00000562,0.000000214,0.00000818,nan,0.0000168,nan,0.0000144
pyclbr.py.lex,1917,0.000000307,0.000000320,0.00000720,0.00000539,0.000000218,0.00000781,nan,0.0000188,nan,0.0000164
fileinput.py.lex,1929,0.000000257,0.000000261,0.00000599,0.00000459,0.000000211,0.00000702,nan,0.0000158,nan,0.0000138
json_decoder.py.lex,1930,0.000000363,0.000000371,0.00000702,0.00000577,0.000000268,0.00000811,nan,0.0000179,nan,0.0000163
_osx_support.py.lex,1984,0.000000271,0.000000272,0.00000676,0.00000526,0.000000268,0.00000783,nan,0.0000174,nan,0.0000153
wsgiref_validate.py.lex,1986,0.000000307,0.000000304,0.00000691,0.00000525,0.000000263,0.00000827,nan,0.0000185,nan,0.0000143
json_encoder.py.lex,2010,0.000000345,0.000000337,0.00000661,0.00000542,0.000000265,0.00000742,nan,0.0000158,nan,0.0000158
encodings_cp869.py.lex,2024,0.000000417,0.000000394,0.0000127,0.0000104,0.000000805,0.0000454,nan,0.0000114,nan,0.0000115
encodings_cp864.py.lex,2028,0.000000398,0.000000389,0.0000131,0.0000104,0.000000828,0.0000463,nan,0.0000113,nan,0.0000112
idlelib_RemoteDebugger.py.lex,2038,0.000000284,0.000000277,0.00000614,0.00000468,0.000000164,0.00000686,nan,0.0000155,nan,0.0000129
encodings_cp857.py.lex,2044,0.000000392,0.000000382,0.0000132,0.0000101,0.000000821,0.0000456,nan,0.0000119,nan,0.0000118
shlex.py.lex,2044,0.000000288,0.000000278,0.00000605,0.00000466,0.000000252,0.00000731,nan,0.0000177,nan,0.0000159
encodings_cp1125.py.lex,2060,0.000000391,0.000000386,0.0000131,0.0000100,0.0000000749,0.0000465,nan,0.0000116,nan,0.0000117
encodings_cp437.py.lex,2060,0.000000409,0.000000405,0.0000129,0.0000100,0.0000000742,0.0000468,nan,0.0000119,nan,0.0000114
encodings_cp737.py.lex,2060,0.000000395,0.000000397,0.0000129,0.0000102,0.0000000738,0.0000469,nan,0.0000118,nan,0.0000117
encodings_cp775.py.lex,2060,0.000000401,0.000000399,0.0000130,0.0000103,0.0000000748,0.0000456,nan,0.0000121,nan,0.0000115
encodings_cp850.py.lex,2060,0.000000383,0.000000393,0.0000127,0.0000103,0.0000000746,0.0000462,nan,0.0000117,nan,0.0000114
encodings_cp852.py.lex,2060,0.000000391,0.000000379,0.0000130,0.0000103,0.0000000735,0.0000469,nan,0.0000118,nan,0.0000117
encodings_cp855.py.lex,2060,0.000000401,0.000000396,0.0000129,0.0000103,0.0000000745,0.0000449,nan,0.0000120,nan,0.0000119
encodings_cp858.py.lex,2060,0.000000387,0.000000393,0.0000131,0.0000102,0.0000000750,0.0000466,nan,0.0000119,nan,0.0000116
encodings_cp860.py.lex,2060,0.000000380,0.000000378,0.0000133,0.0000102,0.0000000744,0.0000468,nan,0.0000120,nan,0.0000119
encodings_cp861.py.lex,2060,0.000000377,0.000000391,0.0000132,0.0000102,0.0000000743,0.0000454,nan,0.0000120,nan,0.0000117
encodings_cp862.py.lex,2060,0.000000378,0.000000387,0.0000129,0.0000103,0.0000000735,0.0000454,nan,0.0000120,nan,0.0000113
encodings_cp863.py.lex,2060,0.000000399,0.000000383,0.0000129,0.0000103,0.0000000752,0.0000461,nan,0.0000117,nan,0.0000113
encodings_cp865.py.lex,2060,0.000000394,0.000000402,0.0000131,0.0000103,0.0000000734,0.0000455,nan,0.0000117,nan,0.0000114
encodings_cp866.py.lex,2060,0.000000396,0.000000391,0.0000130,0.0000101,0.0000000751,0.0000457,nan,0.0000120,nan,0.0000117
encodings_mac_arabic.py.lex,2060,0.000000390,0.000000391,0.0000134,0.0000103,0.0000000750,0.0000464,nan,0.0000121,nan,0.0000119
tkinter_simpledialog.py.lex,2065,0.000000274,0.000000274,0.00000600,0.00000487,0.0000000114,0.00000726,nan,0.0000169,nan,0.0000142
socketserver.py.lex,2085,0.000000241,0.000000247,0.00000581,0.00000420,0.0000000104,0.00000675,nan,0.0000157,nan,0.0000125
cmd.py.lex,2087,0.000000299,0.000000298,0.00000665,0.00000504,0.0000000151,0.00000753,nan,0.0000178,nan,0.0000163
distutils_fancy_getopt.py.lex,2092,0.000000302,0.000000306,0.00000652,0.00000535,0.0000000149,0.00000790,nan,0.0000187,nan,0.0000165
xml_dom_xmlbuilder.py.lex,2143,0.000000324,0.000000321,0.00000593,0.00000513,0.0000000101,0.00000746,nan,0.0000163,nan,0.0000133
multiprocessing_queues.py.lex,2171,0.000000233,0.000000231,0.00000530,0.00000393,0.0000000119,0.00000660,nan,0.0000156,nan,0.0000132
distutils_command_sdist.py.lex,2189,0.000000330,0.000000327,0.00000634,0.00000489,0.0000000158,0.00000779,nan,0.0000187,nan,0.0000148
idlelib_run.py.lex,2202,0.000000289,0.000000287,0.00000624,0.00000517,0.0000000157,0.00000757,nan,0.0000164,nan,0.0000140
xml_sax_saxutils.py.lex,2207,0.000000261,0.000000263,0.00000531,0.00000405,0.0000000106,0.00000700,nan,0.0000154,nan,0.0000132
idlelib_keybindingDialog.py.lex,2213,0.000000397,0.000000398,0.00000729,0.00000596,0.0000000187,0.00000876,nan,0.0000197,nan,0.0000154
posixpath.py.lex,2228,0.000000447,0.000000424,0.00000737,0.00000596,0.0000000213,0.00000832,nan,0.0000167,nan,0.0000148
distutils_command_build_py.py.lex,2233,0.000000386,0.000000389,0.00000657,0.00000532,0.0000000139,0.00000758,nan,0.0000186,nan,0.0000158
wsgiref_handlers.py.lex,2262,0.000000320,0.000000323,0.00000633,0.00000502,0.0000000152,0.00000763,nan,0.0000171,nan,0.0000144
cgitb.py.lex,2278,0.000000325,0.000000317,0.00000686,0.00000514,0.0000000183,0.00000871,nan,0.0000202,nan,0.0000156
mimetypes.py.lex,2306,0.000000468,0.000000464,0.00000752,0.00000617,0.0000000211,0.0000106,nan,0.0000158,nan,0.0000154
email_generator.py.lex,2316,0.000000318,0.000000309,0.00000619,0.00000518,0.0000000166,0.00000769,nan,0.0000174,nan,0.0000147
lzma.py.lex,2347,0.000000326,0.000000330,0.00000621,0.00000493,0.0000000182,0.00000782,nan,0.0000167,nan,0.0000153
warnings.py.lex,2386,0.000000405,0.000000402,0.00000696,0.00000575,0.0000000203,0.00000814,nan,0.0000175,nan,0.0000145
unittest_loader.py.lex,2395,0.000000335,0.000000345,0.00000655,0.00000489,0.0000000162,0.00000776,nan,0.0000194,nan,0.0000156
_markupbase.py.lex,2417,0.000000338,0.000000337,0.00000640,0.00000519,0.0000000240,0.00000756,nan,0.0000183,nan,0.0000163
socket.py.lex,2417,0.000000303,0.000000298,0.00000663,0.00000518,0.0000000202,0.00000772,nan,0.0000164,nan,0.0000141
csv.py.lex,2425,0.000000316,0.000000304,0.00000724,0.00000579,0.0000000229,0.00000828,nan,0.0000193,nan,0.0000162
enum.py.lex,2427,0.000000336,0.000000339,0.00000645,0.00000496,0.0000000173,0.00000755,nan,0.0000177,nan,0.0000148
idlelib_UndoDelegator.py.lex,2448,0.000000292,0.000000286,0.00000603,0.00000451,0.0000000171,0.00000707,nan,0.0000170,nan,0.0000135
multiprocessing_synchronize.py.lex,2453,0.000000232,0.000000237,0.00000526,0.00000376,0.0000000139,0.00000662,nan,0.0000151,nan,0.0000128
venv___init__.py.lex,2454,0.000000411,0.000000431,0.00000672,0.00000536,0.0000000234,0.00000832,nan,0.0000195,nan,0.0000167
bz2.py.lex,2466,0.000000332,0.000000339,0.00000610,0.00000463,0.0000000205,0.00000753,nan,0.0000167,nan,0.0000144
asyncio_streams.py.lex,2480,0.000000328,0.000000322,0.00000575,0.00000477,0.0000000155,0.00000704,nan,0.0000155,nan,0.0000135
xml_sax_expatreader.py.lex,2505,0.000000275,0.000000276,0.00000571,0.00000437,0.0000000174,0.00000696,nan,0.0000155,nan,0.0000135
xml_dom_pulldom.py.lex,2512,0.000000367,0.000000357,0.00000658,0.00000513,0.0000000220,0.00000805,nan,0.0000174,nan,0.0000143
distutils_util.py.lex,2529,0.000000384,0.000000375,0.00000663,0.00000514,0.0000000226,0.00000783,nan,0.0000164,nan,0.0000144
http_cookies.py.lex,2531,0.000000489,0.000000501,0.00000804,0.00000730,0.0000000325,0.0000126,nan,0.0000164,nan,0.0000142
concurrent_futures__base.py.lex,2532,0.000000306,0.000000307,0.00000582,0.00000452,0.0000000194,0.00000707,nan,0.0000155,nan,0.0000137
wave.py.lex,2537,0.000000289,0.000000290,0.00000577,0.00000453,0.0000000192,0.00000700,nan,0.0000162,nan,0.0000135
asyncio_events.py.lex,2540,0.000000235,0.000000230,0.00000534,0.00000396,0.0000000112,0.00000642,nan,0.0000129,nan,0.0000111
idlelib_PyParse.py.lex,2616,0.000000141,0.000000141,0.00000656,0.00000558,0.0000000346,0.00000826,nan,0.0000188,nan,0.0000167
selectors.py.lex,2637,0.000000336,0.000000324,0.00000612,0.00000435,0.0000000219,0.00000754,nan,0.0000176,nan,0.0000150
email_feedparser.py.lex,2660,0.000000368,0.000000357,0.00000643,0.00000461,0.0000000332,0.00000767,nan,0.0000198,nan,0.0000162
tkinter_filedialog.py.lex,2662,0.000000370,0.000000358,0.00000651,0.00000484,0.0000000299,0.00000839,nan,0.0000181,nan,0.0000145
idlelib_tabbedpages.py.lex,2717,0.000000323,0.000000322,0.00000663,0.00000522,0.0000000331,0.00000780,nan,0.0000194,nan,0.0000151
site.py.lex,2739,0.000000234,0.000000229,0.00000615,0.00000521,0.0000000374,0.00000807,nan,0.0000183,nan,0.0000153
pprint.py.lex,2754,0.000000541,0.000000533,0.00000760,0.00000630,0.0000000379,0.00000891,nan,0.0000205,nan,0.0000170
dis.py.lex,2773,0.000000407,0.000000403,0.00000695,0.00000529,0.0000000374,0.00000837,nan,0.0000178,nan,0.0000148
fractions.py.lex,2784,0.000000318,0.000000320,0.00000586,0.00000497,0.0000000284,0.00000734,nan,0.0000190,nan,0.0000148
lib2to3_pgen2_pgen.py.lex,2811,0.000000273,0.000000271,0.00000691,0.00000537,0.0000000371,0.00000840,nan,0.0000197,nan,0.0000164
sunau.py.lex,2817,0.000000358,0.000000376,0.00000572,0.00000466,0.0000000319,0.00000737,nan,0.0000161,nan,0.0000142
ctypes___init__.py.lex,2838,0.000000359,0.000000366,0.00000706,0.00000512,0.0000000323,0.00000816,nan,0.0000155,nan,0.0000131
profile.py.lex,2862,0.000000373,0.000000391,0.00000667,0.00000538,0.0000000363,0.00000833,nan,0.0000172,nan,0.0000148
email_headerregistry.py.lex,2879,0.000000246,0.000000248,0.00000623,0.00000484,0.0000000235,0.00000767,nan,0.0000163,nan,0.0000137
binhex.py.lex,2892,0.000000144,0.000000147,0.00000653,0.00000521,0.0000000407,0.00000789,nan,0.0000176,nan,0.0000144
lib2to3_fixer_util.py.lex,2928,0.000000385,0.000000392,0.00000650,0.00000531,0.0000000348,0.00000907,nan,0.0000192,nan,0.0000142
distutils_command_install.py.lex,2930,0.000000481,0.000000491,0.00000708,0.00000570,0.0000000399,0.00000828,nan,0.0000202,nan,0.0000159
tracemalloc.py.lex,2931,0.000000236,0.000000232,0.00000624,0.00000485,0.0000000264,0.00000725,nan,0.0000172,nan,0.0000144
lib2to3_pgen2_tokenize.py.lex,2932,0.000000559,0.000000542,0.00000789,0.00000729,0.0000000528,0.00000942,nan,0.0000186,nan,0.0000161
idlelib_AutoCompleteWindow.py.lex,2937,0.000000466,0.000000463,0.00000723,0.00000539,0.0000000457,0.00000893,nan,0.0000212,nan,0.0000155
distutils_command_bdist_rpm.py.lex,2949,0.000000498,0.000000505,0.00000716,0.00000580,0.0000000599,0.00000922,nan,0.0000214,nan,0.0000165
distutils_sysconfig.py.lex,2952,0.000000453,0.000000447,0.00000684,0.00000542,0.0000000456,0.00000867,nan,0.0000187,nan,0.0000154
email_header.py.lex,2955,0.000000412,0.000000399,0.00000658,0.00000526,0.0000000401,0.00000815,nan,0.0000194,nan,0.0000161
formatter.py.lex,2976,0.000000214,0.000000211,0.00000581,0.00000476,0.0000000302,0.00000696,nan,0.0000157,nan,0.0000138
_strptime.py.lex,2982,0.000000472,0.000000472,0.00000741,0.00000616,0.0000000459,0.00000881,nan,0.0000205,nan,0.0000165
base64.py.lex,3007,0.000000472,0.000000465,0.00000742,0.00000629,0.0000000603,0.00000885,nan,0.0000190,nan,0.0000149
gettext.py.lex,3019,0.000000480,0.000000476,0.00000666,0.00000575,0.0000000445,0.00000825,nan,0.0000183,nan,0.0000157
tempfile.py.lex,3062,0.000000315,0.000000304,0.00000612,0.00000454,0.0000000342,0.00000735,nan,0.0000152,nan,0.0000134
asyncio_sslproto.py.lex,3117,0.000000172,0.000000167,0.00000635,0.00000478,0.0000000439,0.00000756,nan,0.0000174,nan,0.0000152
idlelib_MultiCall.py.lex,3120,0.000000471,0.000000451,0.00000727,0.00000562,0.0000000577,0.00000867,nan,0.0000210,nan,0.0000159
pkgutil.py.lex,3145,0.000000445,0.000000426,0.00000665,0.00000494,0.0000000575,0.00000832,nan,0.0000179,nan,0.0000158
html_parser.py.lex,3149,0.000000485,0.000000460,0.00000655,0.00000510,0.0000000654,0.00000781,nan,0.0000201,nan,0.0000173
ntpath.py.lex,3162,0.000000464,0.000000452,0.00000728,0.00000607,0.0000000677,0.00000870,nan,0.0000189,nan,0.0000157
random.py.lex,3187,0.000000476,0.000000458,0.00000711,0.00000612,0.0000000657,0.00000882,nan,0.0000192,nan,0.0000156
asyncio_tasks.py.lex,3197,0.000000437,0.000000419,0.00000662,0.00000492,0.0000000566,0.00000837,nan,0.0000179,nan,0.0000145
idlelib_IOBinding.py.lex,3242,0.000000447,0.000000438,0.00000641,0.00000544,0.0000000661,0.00000796,nan,0.0000187,nan,0.0000160
telnetlib.py.lex,3267,0.000000514,0.000000508,0.00000722,0.00000606,0.0000000923,0.00000904,nan,0.0000208,nan,0.0000174
uuid.py.lex,3308,0.000000414,0.000000414,0.00000644,0.00000573,0.0000000553,0.00000814,nan,0.0000192,nan,0.0000144
email__parseaddr.py.lex,3319,0.000000430,0.000000430,0.00000661,0.00000526,0.0000000785,0.00000816,nan,0.0000193,nan,0.0000157
stringprep.py.lex,3330,0.000000699,0.000000708,0.0000357,0.0000235,0.00000171,0.000151,nan,0.0000130,nan,0.0000139
idlelib_TreeWidget.py.lex,3356,0.000000435,0.000000435,0.00000667,0.00000501,0.0000000722,0.00000820,nan,0.0000186,nan,0.0000148
weakref.py.lex,3376,0.000000414,0.000000396,0.00000611,0.00000461,0.0000000535,0.00000741,nan,0.0000167,nan,0.0000147
distutils_msvccompiler.py.lex,3437,0.000000465,0.000000448,0.00000675,0.00000581,0.0000000741,0.00000856,nan,0.0000205,nan,0.0000165
asyncio_proactor_events.py.lex,3489,0.000000381,0.000000381,0.00000580,0.00000446,0.0000000608,0.00000749,nan,0.0000180,nan,0.0000148
webbrowser.py.lex,3499,0.000000517,0.000000514,0.00000706,0.00000584,0.0000000863,0.00000850,nan,0.0000194,nan,0.0000166
asyncore.py.lex,3500,0.000000445,0.000000442,0.00000609,0.00000468,0.0000000711,0.00000749,nan,0.0000172,nan,0.0000147
_collections_abc.py.lex,3576,0.000000377,0.000000357,0.00000635,0.00000521,0.0000000708,0.00000726,nan,0.0000167,nan,0.0000138
functools.py.lex,3614,0.000000511,0.000000509,0.00000698,0.00000610,0.0000000822,0.00000860,nan,0.0000190,nan,0.0000161
idlelib_Debugger.py.lex,3649,0.000000493,0.000000479,0.00000662,0.00000565,0.000000102,0.00000783,nan,0.0000196,nan,0.0000163
idlelib_configHandler.py.lex,3660,0.000000513,0.000000500,0.00000692,0.00000598,0.000000102,0.00000859,nan,0.0000196,nan,0.0000182
distutils_command_build_ext.py.lex,3678,0.000000464,0.000000467,0.00000669,0.00000549,0.000000100,0.00000811,nan,0.0000223,nan,0.0000176
sysconfig.py.lex,3708,0.000000539,0.000000536,0.00000724,0.00000620,0.000000127,0.00000860,nan,0.0000201,nan,0.0000161
codecs.py.lex,3722,0.000000472,0.000000478,0.00000659,0.00000480,0.0000000794,0.00000790,nan,0.0000161,nan,0.0000144
idlelib_rpc.py.lex,3772,0.000000463,0.000000455,0.00000698,0.00000549,0.000000101,0.00000817,nan,0.0000197,nan,0.0000161
sre_compile.py.lex,3790,0.000000638,0.000000620,0.00000734,0.00000673,0.000000160,0.00000884,nan,0.0000240,nan,0.0000199
bdb.py.lex,3961,0.000000416,0.000000403,0.00000612,0.00000525,0.0000000976,0.00000728,nan,0.0000175,nan,0.0000158
tokenize.py.lex,4005,0.000000634,0.000000624,0.00000812,0.00000688,0.000000175,0.00000972,nan,0.0000203,nan,0.0000184
lib2to3_pytree.py.lex,4010,0.000000488,0.000000481,0.00000617,0.00000528,0.0000000982,0.00000777,nan,0.0000182,nan,0.0000162
gzip.py.lex,4014,0.000000478,0.000000468,0.00000642,0.00000553,0.000000125,0.00000798,nan,0.0000200,nan,0.0000169
distutils_ccompiler.py.lex,4034,0.000000515,0.000000463,0.00000675,0.00000575,0.000000115,0.00000825,nan,0.0000192,nan,0.0000157
xmlrpc_server.py.lex,4134,0.000000486,0.000000471,0.00000694,0.00000569,0.000000147,0.00000878,nan,0.0000207,nan,0.0000178
distutils_msvc9compiler.py.lex,4225,0.000000532,0.000000515,0.00000734,0.00000607,0.000000144,0.00000857,nan,0.0000205,nan,0.0000169
calendar.py.lex,4269,0.000000559,0.000000534,0.00000707,0.00000578,0.000000142,0.00000867,nan,0.0000203,nan,0.0000159
asyncio_windows_events.py.lex,4318,0.000000451,0.000000442,0.00000621,0.00000514,0.000000138,0.00000778,nan,0.0000192,nan,0.0000156
os.py.lex,4338,0.000000523,0.000000523,0.00000684,0.00000583,0.000000169,0.00000866,nan,0.0000193,nan,0.0000157
smtplib.py.lex,4476,0.000000533,0.000000531,0.00000711,0.00000610,0.000000169,0.00000831,nan,0.0000213,nan,0.0000171
modulefinder.py.lex,4530,0.000000584,0.000000571,0.00000737,0.00000612,0.000000206,0.00000881,nan,0.0000215,nan,0.0000172
ssl.py.lex,4531,0.000000454,0.000000450,0.00000649,0.00000514,0.000000135,0.00000810,nan,0.0000181,nan,0.0000152
lib2to3_refactor.py.lex,4577,0.000000533,0.000000526,0.00000693,0.00000580,0.000000164,0.00000821,nan,0.0000215,nan,0.0000164
trace.py.lex,4632,0.000000561,0.000000556,0.00000736,0.00000618,0.000000200,0.00000874,nan,0.0000210,nan,0.0000177
threading.py.lex,4732,0.000000428,0.000000428,0.00000606,0.00000497,0.000000159,0.00000745,nan,0.0000179,nan,0.0000152
multiprocessing_pool.py.lex,4733,0.000000441,0.000000458,0.00000647,0.00000554,0.000000157,0.00000799,nan,0.0000207,nan,0.0000158
pstats.py.lex,4864,0.000000548,0.000000561,0.00000725,0.00000605,0.000000238,0.00000878,nan,0.0000222,nan,0.0000186
smtpd.py.lex,4886,0.000000536,0.000000540,0.00000689,0.00000580,0.000000239,0.00000824,nan,0.0000212,nan,0.0000167
aifc.py.lex,5030,0.000000512,0.000000512,0.00000650,0.00000540,0.000000238,0.00000812,nan,0.0000190,nan,0.0000154
cgi.py.lex,5074,0.000000532,0.000000538,0.00000688,0.00000573,0.000000315,0.00000868,nan,0.0000203,nan,0.0000194
distutils_command_bdist_msi.py.lex,5101,0.000000695,0.000000666,0.00000963,0.00000808,0.000000435,0.0000108,nan,0.0000248,nan,0.0000198
logging_config.py.lex,5254,0.000000559,0.000000550,0.00000759,0.00000638,0.000000317,0.00000892,nan,0.0000237,nan,0.0000194
nntplib.py.lex,5348,0.000000572,0.000000553,0.00000764,0.00000606,0.000000308,0.00000898,nan,0.0000206,nan,0.0000162
asyncio_unix_events.py.lex,5434,0.000000423,0.000000408,0.00000626,0.00000486,0.000000224,0.00000785,nan,0.0000199,nan,0.0000157
multiprocessing_connection.py.lex,5458,0.000000524,0.000000503,0.00000673,0.00000547,0.000000298,0.00000828,nan,0.0000193,nan,0.0000165
urllib_parse.py.lex,5499,0.000000685,0.000000661,0.00000781,0.00000672,0.000000410,0.00000937,nan,0.0000210,nan,0.0000163
platform.py.lex,5553,0.000000621,0.000000621,0.00000774,0.00000646,0.000000430,0.00000901,nan,0.0000196,nan,0.0000181
email_message.py.lex,5567,0.000000567,0.000000567,0.00000690,0.00000551,0.000000294,0.00000837,nan,0.0000205,nan,0.0000174
http_server.py.lex,5617,0.000000626,0.000000596,0.00000773,0.00000643,0.000000425,0.00000922,nan,0.0000247,nan,0.0000180
distutils_dist.py.lex,5691,0.000000629,0.000000600,0.00000734,0.00000616,0.000000404,0.00000850,nan,0.0000221,nan,0.0000175
http_client.py.lex,5781,0.000000624,0.000000612,0.00000716,0.00000592,0.000000409,0.00000868,nan,0.0000205,nan,0.0000174
sre_parse.py.lex,5829,0.000000710,0.000000705,0.00000773,0.00000640,0.000000543,0.00000897,nan,0.0000240,nan,0.0000220
xml_dom_expatbuilder.py.lex,5833,0.000000517,0.000000512,0.00000668,0.00000530,0.000000385,0.00000816,nan,0.0000195,nan,0.0000168
ftplib.py.lex,5840,0.000000583,0.000000583,0.00000713,0.00000610,0.000000410,0.00000893,nan,0.0000210,nan,0.0000173
shutil.py.lex,5920,0.000000581,0.000000597,0.00000710,0.00000598,0.000000396,0.00000824,nan,0.0000198,nan,0.0000165
plistlib.py.lex,5939,0.000000602,0.000000587,0.00000698,0.00000566,0.000000412,0.00000866,nan,0.0000218,nan,0.0000169
xmlrpc_client.py.lex,6195,0.000000581,0.000000581,0.00000710,0.00000599,0.000000403,0.00000876,nan,0.0000193,nan,0.0000164
logging_handlers.py.lex,6248,0.000000572,0.000000588,0.00000684,0.00000580,0.000000590,0.00000858,nan,0.0000224,nan,0.0000176
asyncio_base_events.py.lex,6410,0.000000530,0.000000536,0.00000683,0.00000579,0.000000572,0.00000844,nan,0.0000229,nan,0.0000177
tkinter_ttk.py.lex,6454,0.000000554,0.000000565,0.00000703,0.00000579,0.000000382,0.00000873,nan,0.0000220,nan,0.0000159
collections___init__.py.lex,6696,0.000000518,0.000000536,0.00000669,0.00000533,0.000000365,0.00000777,nan,0.0000185,nan,0.0000152
locale.py.lex,6700,0.000000744,0.000000765,0.0000177,0.0000133,0.00000115,0.0000564,nan,0.0000188,nan,0.0000166
configparser.py.lex,6754,0.000000544,0.000000556,0.00000697,0.00000588,0.000000553,0.00000853,nan,0.0000207,nan,0.0000194
asyncio_selector_events.py.lex,6761,0.000000516,0.000000499,0.00000652,0.00000508,0.000000743,0.00000806,nan,0.0000204,nan,0.0000189
difflib.py.lex,6856,0.000000714,0.000000692,0.00000797,0.00000680,0.000000752,0.00000957,nan,0.0000212,nan,0.0000211
multiprocessing_managers.py.lex,7042,0.000000576,0.000000563,0.00000780,0.00000591,0.000000718,0.00000881,nan,0.0000214,nan,0.0000168
xml_etree_ElementTree.py.lex,7113,0.000000535,0.000000522,0.00000695,0.00000578,0.000000729,0.00000840,nan,0.0000203,nan,0.0000175
subprocess.py.lex,7147,0.000000572,0.000000554,0.00000684,0.00000580,0.000000733,0.00000844,nan,0.0000222,nan,0.0000195
pickletools.py.lex,7207,0.000000754,0.000000756,0.00000876,0.00000747,0.000000781,0.0000103,nan,0.0000215,nan,0.0000180
pathlib.py.lex,7314,0.000000526,0.000000529,0.00000653,0.00000552,0.000000702,0.00000823,nan,0.0000197,nan,0.0000167
logging___init__.py.lex,7414,0.000000656,0.000000659,0.00000718,0.00000576,0.0000000400,0.00000859,nan,0.0000192,nan,0.0000185
unittest_case.py.lex,7491,0.000000541,0.000000532,0.00000709,0.00000588,0.0000000395,0.00000838,nan,0.0000209,nan,0.0000173
imaplib.py.lex,7593,0.000000636,0.000000624,0.00000764,0.00000641,0.0000000451,0.00000976,nan,0.0000207,nan,0.0000185
optparse.py.lex,7639,0.000000547,0.000000555,0.00000683,0.00000563,0.0000000434,0.00000853,nan,0.0000199,nan,0.0000177
ipaddress.py.lex,8254,0.000000609,0.000000614,0.00000719,0.00000565,0.0000000574,0.00000884,nan,0.0000204,nan,0.0000173
pdb.py.lex,8592,0.000000551,0.000000573,0.00000761,0.00000614,0.0000000810,0.00000939,nan,0.0000213,nan,0.0000190
pickle.py.lex,9625,0.000000640,0.000000653,0.00000835,0.00000668,0.000000119,0.00000989,nan,0.0000222,nan,0.0000178
idlelib_PyShell.py.lex,9706,0.000000610,0.000000643,0.00000742,0.00000580,0.0000000993,0.00000917,nan,0.0000205,nan,0.0000171
_pyio.py.lex,9820,0.000000576,0.000000579,0.00000702,0.00000580,0.0000000975,0.00000841,nan,0.0000197,nan,0.0000164
html_entities.py.lex,9993,0.000000984,0.00000100,0.000403,0.000210,0.000000503,0.00180,nan,0.0000137,nan,0.0000167
doctest.py.lex,10021,0.000000646,0.000000667,0.00000785,0.00000639,0.000000112,0.00000946,nan,0.0000211,nan,0.0000172
http_cookiejar.py.lex,10383,0.000000656,0.000000681,0.00000796,0.00000681,0.000000133,0.00000963,nan,0.0000215,nan,0.0000181
zipfile.py.lex,10824,0.000000693,0.000000705,0.00000809,0.00000675,0.000000169,0.0000101,nan,0.0000227,nan,0.0000191
unittest_mock.py.lex,11301,0.000000654,0.000000684,0.00000801,0.00000660,0.000000158,0.00000931,nan,0.0000199,nan,0.0000172
idlelib_configDialog.py.lex,11433,0.000000717,0.000000713,0.00000838,0.00000714,0.000000205,0.00000981,nan,0.0000235,nan,0.0000183
datetime.py.lex,11447,0.000000677,0.000000663,0.00000786,0.00000653,0.000000157,0.00000922,nan,0.0000211,nan,0.0000176
importlib__bootstrap.py.lex,11683,0.000000614,0.000000617,0.00000751,0.00000602,0.000000151,0.00000874,nan,0.0000195,nan,0.0000172
idlelib_EditorWindow.py.lex,11859,0.000000686,0.000000679,0.00000825,0.00000647,0.000000201,0.00000985,nan,0.0000217,nan,0.0000176
argparse.py.lex,12276,0.000000671,0.000000686,0.00000792,0.00000651,0.000000193,0.00000924,nan,0.0000214,nan,0.0000181
tkinter_tix.py.lex,12641,0.000000604,0.000000629,0.00000755,0.00000600,0.000000147,0.00000893,nan,0.0000197,nan,0.0000158
xml_dom_minidom.py.lex,12661,0.000000583,0.000000599,0.00000701,0.00000558,0.000000183,0.00000840,nan,0.0000194,nan,0.0000160
inspect.py.lex,13798,0.000000681,0.000000716,0.00000872,0.00000694,0.000000401,0.00000975,nan,0.0000214,nan,0.0000173
tarfile.py.lex,14206,0.000000658,0.000000677,0.00000813,0.00000672,0.000000395,0.00000997,nan,0.0000218,nan,0.0000177
mailbox.py.lex,14955,0.000000631,0.000000639,0.00000785,0.00000615,0.000000379,0.00000926,nan,0.0000214,nan,0.0000175
urllib_request.py.lex,15120,0.000000663,0.000000646,0.00000856,0.00000671,0.000000506,0.0000100,nan,0.0000214,nan,0.0000181
email__header_value_parser.py.lex,16713,0.000000674,0.000000666,0.00000925,0.00000646,0.000000660,0.0000107,nan,0.0000218,nan,0.0000180
pydoc.py.lex,17573,0.000000767,0.000000761,0.00000814,0.00000674,0.000000660,0.0000102,nan,0.0000227,nan,0.0000186
turtle.py.lex,19082,0.000000705,0.000000707,0.00000886,0.00000665,0.000000814,0.0000108,nan,0.0000221,nan,0.0000178
tkinter___init__.py.lex,23526,0.000000670,0.000000686,0.00000775,0.00000634,0.00000000161,0.00000955,nan,0.0000204,nan,0.0000162
decimal.py.lex,26125,0.000000820,0.000000831,0.00000912,0.00000713,0.00000000405,0.0000100,nan,0.0000220,nan,0.0000182
